,areaWithType,square_feet,transaction,status,floor,furnishing,price_per_sqft,price
0,1,1,1,1,1,1,1,1
1,2,2,1,2,2,1,2,2
2,2,3,2,3,3,2,3,3
3,1,4,1,3,2,1,4,4
4,2,5,3,4,4,3,5,5
5,2,6,4,5,5,4,6,6
8,2,7,5,4,4,3,7,7
9,1,8,1,5,6,1,8,8
10,1,9,1,5,7,1,9,9
11,1,10,2,3,8,1,10,10
12,1,11,2,3,9,1,11,11
13,2,12,2,3,10,5,12,11
14,2,13,1,6,3,1,13,12
18,1,14,1,3,11,5,14,13
19,1,15,2,3,12,1,15,14
21,1,16,2,3,13,1,16,15
22,2,17,4,7,14,6,17,16
23,1,18,1,3,15,1,18,17
25,1,19,2,3,16,1,19,8
26,1,20,4,3,5,7,20,18
27,2,5,1,3,17,1,21,19
28,1,21,4,8,5,7,22,20
29,2,22,2,3,18,1,23,21
30,2,23,1,9,19,1,24,22
31,2,24,2,3,3,5,25,5
32,2,25,1,10,7,1,26,23
33,2,5,1,3,17,1,27,24
34,1,26,1,11,17,1,28,25
35,2,27,2,3,16,1,29,4
36,1,28,1,3,20,1,30,26
37,3,29,6,12,14,3,31,27
40,3,30,2,13,21,3,32,28
41,2,31,2,3,22,1,33,29
42,2,32,2,3,18,1,34,11
43,2,33,1,5,23,8,35,30
44,2,34,2,3,24,1,36,31
45,2,35,2,3,17,1,37,11
47,2,36,2,3,23,1,38,32
49,1,37,1,2,2,1,39,18
50,1,38,2,3,11,2,40,23
51,1,39,2,3,12,9,41,33
52,1,40,2,14,25,1,42,20
53,2,41,1,15,26,1,43,34
54,2,42,1,8,3,1,44,29
55,1,43,2,3,19,5,45,29
56,1,44,2,3,15,1,46,35
57,2,45,2,3,27,2,47,36
58,2,7,2,3,13,1,48,23
59,1,46,2,3,11,1,17,16
61,2,14,2,3,28,5,49,37
62,2,41,1,16,17,1,50,15
63,2,47,2,3,13,1,45,14
64,2,48,2,3,29,5,51,36
66,1,49,2,3,16,1,52,38
67,2,5,2,3,28,5,5,5
68,2,48,2,3,30,1,53,39
69,2,50,2,3,28,5,54,11
70,2,51,7,17,14,10,55,8
71,1,52,4,3,14,7,56,40
72,1,46,2,3,9,1,57,41
73,1,18,1,3,15,1,10,42
74,2,36,2,3,31,1,58,36
76,1,53,2,3,11,1,59,43
77,2,54,2,3,30,2,60,44
83,1,55,2,3,12,1,61,45
84,2,56,2,3,32,5,62,5
89,2,57,2,3,30,1,63,9
92,1,58,4,3,14,11,64,14
93,2,59,2,3,33,2,65,46
94,1,14,2,3,11,5,66,8
95,2,14,2,3,15,1,67,47
96,2,60,2,3,34,1,68,48
98,2,61,2,3,13,1,69,49
99,1,62,2,3,32,2,70,50
100,1,16,2,3,28,2,71,24
102,1,46,2,3,35,2,55,24
103,2,63,2,3,35,5,72,22
104,2,60,2,3,11,1,73,16
107,1,64,2,3,12,5,74,34
108,1,65,2,3,36,2,75,44
109,2,46,2,3,37,2,8,28
110,2,47,2,3,32,2,76,51
112,1,48,2,3,29,2,77,44
113,2,66,2,3,38,1,78,52
114,1,8,1,3,8,1,79,53
115,2,60,2,3,12,2,80,46
116,2,48,2,3,15,1,81,54
117,2,46,2,3,32,2,82,55
118,2,67,2,3,12,5,83,9
119,1,68,2,3,32,1,84,56
120,2,52,4,3,14,6,85,47
122,1,51,2,3,39,1,86,48
123,2,51,2,3,11,1,87,24
125,2,69,2,3,13,1,88,14
126,1,70,2,3,16,5,89,57
128,2,54,2,3,29,1,90,58
129,2,71,2,3,32,1,91,39
130,2,65,2,3,15,1,77,59
133,2,72,2,3,12,2,92,60
134,2,73,2,3,40,1,19,36
135,2,74,2,3,30,1,93,61
139,2,75,1,3,32,1,94,16
142,1,76,4,3,14,12,5,40
147,2,77,2,3,8,1,95,20
148,2,78,2,3,3,5,96,5
152,2,46,2,3,39,2,97,61
172,3,79,8,12,14,6,19,62
178,1,80,2,3,37,1,98,62
179,3,81,2,18,21,3,99,28
196,2,76,2,3,32,1,100,58
200,2,51,2,3,41,1,51,5
206,1,69,2,3,36,5,101,54
211,2,42,2,3,42,1,102,16
213,2,18,4,3,14,7,103,62
217,1,14,2,3,11,1,104,5
221,2,82,2,3,43,1,105,5
225,2,83,2,3,15,1,106,14
227,1,48,2,3,44,5,107,11
229,2,73,2,3,45,1,108,46
233,2,84,1,8,46,1,109,5
236,2,85,1,3,20,1,110,63
239,3,86,2,19,21,3,111,24
240,2,87,2,3,8,5,112,36
242,1,88,1,3,15,2,113,64
246,1,89,2,3,47,5,114,27
248,2,20,2,3,30,1,115,61
251,2,90,2,3,29,1,55,52
253,2,91,2,3,12,1,3,65
258,1,92,2,3,8,1,116,23
275,1,4,4,3,14,13,117,11
278,1,46,2,3,29,2,118,66
281,1,32,2,3,48,2,55,11
282,2,5,2,3,49,2,119,33
284,2,45,2,3,11,5,120,16
287,1,20,2,3,31,5,121,5
290,2,14,2,3,13,1,28,24
293,2,93,2,3,50,1,122,67
296,2,51,2,3,17,1,51,5
297,1,73,2,3,51,5,123,31
298,1,94,2,3,15,1,124,68
300,2,95,2,3,52,1,125,13
302,1,96,2,3,30,5,126,52
304,2,90,2,3,36,1,127,49
307,2,97,2,3,53,5,128,13
321,1,98,2,3,30,2,129,36
322,2,99,2,3,27,2,130,48
327,1,48,2,3,52,5,131,5
329,3,100,2,20,21,6,132,24
334,2,101,2,3,8,1,133,15
338,2,39,2,3,29,1,134,59
348,1,102,2,3,13,1,85,36
354,2,103,2,3,54,2,135,14
356,2,78,2,3,55,5,136,31
360,2,104,9,7,14,14,137,5
362,2,4,2,3,40,1,138,44
372,1,39,2,3,38,1,134,61
373,2,105,2,3,56,1,139,69
376,2,106,1,3,36,2,140,70
381,1,90,2,3,28,2,141,48
383,1,4,9,3,14,13,142,22
385,2,52,2,3,57,5,143,71
388,1,37,2,3,58,1,144,40
389,1,107,2,3,59,1,145,58
397,2,54,2,3,32,2,146,11
402,2,52,2,3,60,2,147,36
403,1,4,2,3,61,1,147,24
408,2,5,2,3,11,1,148,72
409,1,108,2,3,34,5,149,73
416,1,16,2,3,12,5,150,72
417,2,16,9,21,14,7,151,36
418,2,109,2,3,62,2,152,74
419,2,16,2,3,63,2,151,36
424,2,110,2,3,52,2,153,40
426,2,20,2,3,28,1,154,52
427,2,111,2,3,58,1,155,46
428,1,83,4,3,14,7,156,47
441,2,112,2,3,11,1,157,16
445,2,51,2,3,58,2,77,36
446,2,113,2,3,34,2,158,68
454,1,52,2,3,45,2,159,27
464,3,114,2,22,21,6,160,36
472,1,115,2,3,2,5,161,4
473,1,4,2,3,36,1,162,24
478,2,116,2,3,12,1,163,14
490,2,36,2,3,54,5,164,5
491,1,43,1,3,13,1,165,75
505,1,117,2,3,64,5,166,29
507,1,118,2,3,65,1,167,76
510,2,119,2,3,30,2,168,49
516,2,120,2,3,61,1,169,16
521,3,121,10,23,14,6,170,5
523,2,7,2,3,13,1,171,34
524,2,101,2,3,15,1,172,48
527,2,122,2,3,15,2,173,11
528,1,123,2,3,57,1,174,47
531,1,124,4,3,14,7,103,40
532,2,54,2,3,36,1,175,77
538,1,125,2,3,32,2,176,36
539,2,16,2,3,28,5,177,8
540,1,126,2,3,30,2,178,78
541,1,127,2,3,66,1,179,16
543,2,128,2,3,12,5,180,5
545,1,16,2,3,36,1,181,79
546,1,129,2,3,67,2,116,14
550,2,20,2,3,58,1,175,17
551,1,130,4,3,5,14,182,71
562,1,20,2,3,41,1,183,80
564,1,131,2,3,61,1,184,33
566,2,132,2,3,32,1,185,81
567,2,16,2,3,12,2,186,23
569,2,105,2,3,68,5,187,82
575,1,133,2,3,8,1,188,49
585,1,129,2,3,69,2,189,83
589,2,22,2,3,11,1,190,14
593,1,48,4,3,14,11,138,5
595,1,60,2,3,30,1,191,4
602,2,112,2,3,37,5,192,8
604,2,134,2,3,11,2,193,44
606,2,4,7,24,14,13,194,40
616,1,101,4,3,14,15,195,44
621,1,60,2,3,12,1,196,84
634,1,135,9,3,14,7,197,24
638,2,136,2,3,13,2,198,68
640,1,10,2,3,57,2,199,85
646,1,137,2,3,13,2,152,28
654,1,138,2,3,70,1,200,86
659,2,78,4,25,5,16,201,87
662,3,48,11,12,14,17,202,10
663,2,139,2,3,13,1,203,78
673,1,94,2,3,34,1,204,56
674,2,140,2,3,36,1,205,17
683,2,129,2,3,60,2,206,61
684,3,38,11,26,71,18,207,71
686,1,141,4,3,14,16,208,59
694,2,5,9,3,14,19,148,72
702,2,112,2,3,11,1,157,16
706,1,72,2,3,30,1,209,5
709,1,142,2,3,8,1,210,5
710,1,60,2,3,49,1,211,8
711,2,17,2,3,16,2,212,33
714,2,143,2,3,29,1,213,88
717,2,144,2,3,16,1,104,5
723,1,101,2,3,13,2,214,48
724,2,145,2,3,27,1,215,5
732,2,99,2,3,16,2,216,36
743,1,146,4,3,14,12,217,11
745,3,147,1,27,21,19,218,47
747,2,47,2,3,30,1,219,71
749,2,148,2,3,52,1,220,89
752,2,20,2,3,32,2,221,78
760,2,46,2,3,29,1,55,44
767,1,149,2,3,11,20,222,8
777,1,4,2,3,32,1,103,36
781,2,122,2,3,72,1,173,11
782,2,46,2,3,30,2,223,24
788,2,5,2,3,11,2,224,90
794,1,46,2,3,32,5,225,24
797,1,46,2,3,9,1,226,24
802,1,150,2,3,54,1,143,91
810,2,20,2,3,28,5,227,38
815,1,151,1,3,15,1,228,43
819,1,43,2,3,67,1,85,47
823,2,90,9,3,14,9,229,4
827,2,152,1,3,3,1,230,92
829,2,126,2,3,32,1,231,52
836,2,51,2,3,36,2,28,27
837,1,153,4,3,14,11,232,68
838,3,154,11,12,14,6,233,72
839,2,155,2,3,73,5,234,5
840,2,156,2,3,13,2,235,93
841,1,36,2,3,61,1,236,11
844,1,157,2,3,74,1,237,8
850,2,158,2,3,30,2,238,10
851,2,159,2,3,36,2,239,61
856,2,126,2,3,28,1,240,47
857,2,97,2,3,16,1,241,23
864,2,4,2,3,36,2,98,28
865,1,45,2,3,33,1,85,23
868,2,160,1,3,9,5,85,8
872,2,161,2,3,75,5,242,57
881,2,162,2,3,36,2,243,40
882,1,54,2,3,11,1,244,94
883,2,14,2,3,32,5,28,24
884,3,163,10,26,76,21,245,14
885,2,164,1,3,11,1,246,24
887,3,10,12,12,14,6,247,95
888,1,14,2,3,54,2,85,14
899,1,165,2,3,77,1,248,57
900,2,166,4,3,14,9,249,5
901,2,167,2,3,32,1,19,42
902,2,60,2,3,30,9,250,80
906,2,18,1,3,15,1,18,17
908,2,168,2,3,32,1,251,96
909,2,169,2,3,44,1,252,27
912,2,97,2,3,30,1,253,29
913,2,4,2,3,8,1,254,91
914,2,170,2,3,13,2,255,20
919,1,20,1,3,15,1,56,52
926,2,160,2,3,78,2,256,54
927,1,3,2,3,70,1,257,4
928,2,171,2,3,12,2,258,24
930,1,116,2,3,79,1,55,14
936,1,172,2,3,41,5,55,8
942,2,51,2,3,39,5,28,27
947,1,20,2,3,30,2,259,56
959,1,43,2,3,30,1,77,74
961,3,173,6,12,14,6,260,49
962,1,146,2,3,43,1,261,97
970,2,4,2,3,11,5,262,66
973,1,174,9,3,14,11,263,11
974,1,175,9,3,14,22,138,5
975,2,121,9,3,14,3,264,24
976,2,101,2,3,15,1,265,39
979,2,5,2,3,29,5,8,8
980,1,176,1,3,54,2,19,14
981,1,101,1,3,80,2,78,23
985,2,109,2,3,32,1,266,93
987,1,177,1,3,15,1,267,24
989,2,60,2,3,81,2,131,5
990,2,178,2,3,30,1,268,58
1001,3,4,10,28,14,3,269,49
1013,1,179,2,3,82,1,270,57
1144,1,180,1,1,83,1,271,98
1146,2,181,1,2,17,1,6,99
1148,2,182,1,3,43,1,272,100
1149,2,120,4,5,5,4,6,67
1150,2,183,2,29,17,1,273,101
1151,1,77,2,3,35,23,274,102
1152,2,95,5,4,4,3,7,103
1153,1,184,1,5,43,1,43,34
1154,1,64,1,9,50,1,275,5
1155,2,185,1,1,78,1,276,104
1156,2,186,1,3,15,1,18,81
1157,1,17,2,3,36,1,134,9
1158,1,187,4,3,5,7,277,67
1159,2,188,1,14,18,1,70,11
1160,1,60,4,8,5,7,278,105
1161,2,46,2,3,16,1,182,106
1162,2,189,1,3,19,1,279,13
1164,2,23,1,3,43,1,24,22
1165,1,54,2,3,13,1,51,5
1166,1,190,1,8,17,1,5,5
1167,2,191,2,3,11,2,280,107
1168,1,192,4,3,14,7,281,91
1169,3,193,2,30,21,24,282,108
1170,2,194,2,8,84,1,283,109
1171,2,93,2,3,66,1,284,21
1172,2,190,2,3,85,25,285,5
1173,1,195,1,3,17,1,286,110
1175,1,4,1,3,18,1,287,22
1176,2,51,2,3,11,1,107,11
1179,1,99,2,3,13,1,288,22
1180,2,112,2,3,51,5,289,27
1181,1,46,2,3,18,2,290,63
1182,2,60,2,3,3,1,78,23
1183,2,60,2,3,55,1,73,16
1184,1,16,2,3,66,5,291,36
1185,1,74,2,3,30,2,292,61
1186,1,4,2,3,36,2,225,24
1191,1,52,2,3,8,1,293,21
1192,2,60,2,3,67,5,294,15
1193,1,73,2,3,12,1,295,5
1194,2,51,2,3,78,1,51,5
1196,2,85,1,3,7,1,296,111
1198,1,39,2,3,3,2,297,73
1199,2,196,2,3,7,1,298,4
1201,3,79,8,31,14,6,299,40
1203,2,82,2,3,86,1,300,11
1205,1,131,2,3,61,1,184,33
1214,1,197,1,3,57,1,301,36
1215,1,198,1,3,43,1,302,112
1216,2,2,1,32,2,1,303,113
1217,2,6,1,33,17,1,6,114
1218,2,95,1,3,43,1,3,115
1219,2,128,4,5,5,4,6,116
1220,2,144,2,29,43,1,304,31
1221,2,23,1,15,1,23,305,117
1224,1,69,1,34,43,1,306,41
1225,1,73,4,33,14,26,307,118
1226,2,199,1,3,15,1,11,48
1227,1,200,1,3,52,1,308,119
1228,1,201,4,35,5,7,2,120
1229,2,84,1,14,43,1,309,121
1230,1,14,4,8,5,7,310,75
1231,2,82,2,3,87,1,311,9
1232,1,37,1,3,3,1,49,92
1233,2,56,2,3,3,5,312,11
1234,2,82,1,3,46,1,300,11
1235,2,202,1,3,3,1,313,122
1236,1,203,1,3,20,1,42,76
1237,2,204,2,3,12,2,314,24
1238,1,51,2,3,15,1,315,123
1239,3,205,2,36,21,3,316,20
1240,2,194,2,8,88,1,317,117
1241,2,206,2,3,3,5,318,11
1242,2,207,2,3,40,1,77,124
1243,2,208,2,3,16,1,162,27
1244,1,48,2,3,19,1,319,5
1247,1,129,2,3,2,1,209,16
1248,2,46,2,3,50,1,55,44
1249,1,209,2,3,27,5,320,22
1252,2,51,1,37,82,1,56,68
1253,2,74,2,3,30,1,93,61
1254,2,170,2,3,16,27,321,72
1257,2,210,2,3,52,1,322,22
1258,1,17,2,3,11,2,123,109
1261,2,46,2,3,3,2,256,78
1264,1,190,1,3,57,1,323,23
1265,2,211,1,38,2,1,324,63
1266,2,5,1,3,2,1,325,125
1267,2,181,4,5,5,4,6,99
1269,3,161,1,39,89,19,326,126
1270,1,26,1,3,6,1,7,103
1271,1,212,1,29,43,1,327,127
1272,2,75,1,11,90,1,328,53
1273,2,49,1,3,15,1,329,17
1274,1,213,1,3,70,1,312,70
1275,1,214,4,3,5,7,49,128
1276,2,181,1,40,17,1,330,19
1277,1,36,4,41,5,7,331,19
1279,2,215,1,3,18,1,332,5
1280,2,73,2,3,62,1,333,64
1281,2,216,2,3,20,2,334,16
1282,2,217,4,32,5,7,335,26
1283,3,193,2,30,21,3,1,129
1284,2,144,4,42,5,7,336,130
1285,1,218,2,3,91,1,337,131
1286,2,219,1,3,92,9,338,5
1287,2,194,1,35,93,1,259,132
1288,1,220,2,3,52,1,339,117
1291,1,39,2,3,20,5,259,36
1293,1,160,1,3,34,1,215,125
1294,1,221,2,3,94,1,340,27
1296,1,16,2,3,66,5,341,43
1297,2,170,2,3,12,2,342,36
1298,2,222,2,3,7,1,343,16
1299,1,25,2,14,31,1,344,133
1301,1,37,1,3,26,1,5,5
1302,2,46,2,3,3,1,55,44
1304,1,168,1,3,57,1,241,134
1305,2,223,1,2,17,1,102,25
1306,2,97,1,3,52,1,345,22
1307,2,224,4,5,5,4,6,125
1309,3,61,1,43,89,19,346,125
1310,1,4,1,3,56,1,49,4
1311,1,201,1,40,95,1,347,120
1312,2,225,1,11,96,1,328,135
1313,1,226,1,40,2,1,348,46
1314,1,4,7,2,5,7,349,46
1315,2,5,1,10,43,1,298,109
1316,1,78,4,8,5,7,77,29
1317,2,82,1,3,97,1,311,9
1318,2,60,1,3,7,1,350,68
1319,2,227,2,3,11,1,351,43
1320,3,228,2,44,21,19,352,106
1321,2,5,4,45,14,7,353,136
1322,1,229,1,3,32,9,354,137
1323,1,219,2,3,9,25,355,27
1324,2,230,2,3,46,1,356,78
1328,2,5,2,3,16,5,357,13
1330,1,4,2,3,83,5,28,27
1331,1,47,2,3,98,1,358,16
1332,2,5,2,3,27,2,8,8
1333,2,231,2,3,31,1,359,24
1334,1,232,2,3,50,2,360,5
1335,2,75,2,3,12,1,94,16
1336,2,73,2,3,50,1,55,24
1337,1,197,1,3,57,1,361,138
1338,2,7,1,3,2,1,324,139
1339,2,194,1,3,99,1,353,140
1340,2,56,4,5,5,4,6,7
1342,1,160,1,10,8,1,97,9
1343,1,52,1,3,20,1,362,141
1344,1,233,1,3,70,1,363,142
1345,2,234,1,46,20,1,364,143
1346,1,46,2,3,78,1,365,72
1347,1,219,4,3,5,7,277,132
1348,2,144,1,25,3,1,344,133
1349,1,235,4,8,5,7,366,41
1350,2,73,2,3,12,1,367,23
1351,2,206,2,3,20,1,368,9
1352,3,236,2,47,21,3,369,36
1353,2,7,1,14,3,1,370,100
1354,2,206,2,3,19,1,371,33
1355,2,230,1,3,46,1,372,144
1356,2,160,2,3,100,1,97,9
1359,2,237,1,14,3,1,373,145
1360,2,16,2,3,12,2,162,24
1361,1,43,2,3,36,2,374,43
1362,2,89,2,3,101,1,375,44
1363,3,185,10,12,14,3,376,62
1364,1,14,2,3,3,1,231,112
1365,1,168,2,3,6,1,377,18
1366,2,238,2,3,37,2,378,137
1367,1,239,1,3,60,1,1,146
1368,2,194,1,3,99,1,336,147
1369,2,240,1,3,3,1,379,27
1370,2,23,4,5,5,4,6,109
1372,3,241,1,48,89,19,380,148
1373,1,4,1,3,101,1,381,8
1374,1,140,1,3,7,1,362,9
1375,2,242,1,11,55,1,382,36
1376,1,243,1,3,20,1,383,46
1377,1,244,4,3,5,7,384,9
1378,2,245,1,3,31,1,385,115
1379,1,235,4,1,5,7,386,149
1380,2,5,2,3,52,1,387,27
1381,2,105,2,3,52,2,388,150
1382,2,2,4,49,14,7,303,113
1383,2,75,2,3,7,1,286,151
1384,2,246,2,3,7,1,5,152
1386,2,247,2,3,20,2,389,34
1387,2,16,2,3,12,2,390,153
1388,1,160,1,3,34,1,60,117
1389,2,51,2,3,7,5,391,33
1390,3,147,2,50,21,19,392,27
1391,1,101,2,3,102,1,345,18
1392,2,248,1,3,52,1,393,22
1393,1,52,1,3,33,1,394,154
1394,2,97,1,3,7,1,395,155
1395,2,249,4,5,5,4,6,156
1397,1,250,1,46,15,1,396,157
1398,1,79,1,3,83,1,5,158
1399,1,251,1,3,17,1,343,79
1400,2,252,1,11,98,1,397,32
1401,1,253,2,3,36,2,398,72
1402,1,4,4,3,5,7,2,159
1403,2,223,1,14,43,1,399,9
1404,1,199,9,8,5,7,400,160
1406,2,97,2,3,43,2,401,4
1407,2,34,1,8,43,1,402,161
1408,2,31,1,14,7,1,28,162
1412,3,180,1,51,21,19,403,163
1413,2,17,2,3,3,5,404,68
1415,1,16,2,3,103,1,405,164
1416,2,120,2,3,11,2,406,41
1417,1,180,1,3,15,1,407,64
1418,2,78,1,3,104,1,408,18
1419,2,237,4,5,5,4,6,112
1421,1,254,1,46,15,1,409,165
1422,1,4,1,3,105,5,353,147
1423,1,255,1,3,56,1,213,166
1424,2,41,1,5,82,1,43,34
1425,1,256,1,10,18,1,410,16
1426,1,48,4,10,5,7,411,167
1427,2,189,1,3,43,1,259,168
1428,1,60,4,41,5,7,412,108
1430,2,191,2,3,36,1,413,68
1431,2,194,2,3,106,1,414,5
1432,2,20,2,3,19,5,115,61
1436,3,48,1,52,21,19,415,145
1437,2,56,2,3,20,5,227,13
1438,2,7,2,3,13,2,416,16
1439,2,221,2,3,22,2,417,133
1440,1,257,1,3,57,1,418,169
1441,2,3,2,3,25,5,419,22
1443,1,160,1,33,15,1,420,21
1444,1,101,2,3,7,2,421,112
1445,1,258,1,3,43,1,422,6
1446,2,259,1,11,55,1,423,170
1447,1,260,1,3,70,1,424,15
1448,1,79,4,3,5,7,159,162
1449,1,175,4,3,5,7,269,48
1450,2,248,1,3,56,1,425,11
1451,2,246,2,3,3,1,426,27
1452,2,194,2,3,107,1,384,156
1453,2,202,2,3,82,1,159,171
1454,2,246,2,3,7,1,427,117
1457,1,101,2,3,13,2,256,54
1458,2,261,2,3,50,5,428,68
1459,2,262,2,3,13,2,97,64
1460,2,82,2,3,3,1,429,68
1461,1,257,1,3,57,1,418,169
1463,3,263,1,53,89,19,430,171
1464,1,52,2,3,17,1,431,8
1465,1,264,2,3,95,1,432,157
1466,2,265,2,3,108,5,433,56
1467,1,102,1,3,10,1,434,4
1468,1,266,4,40,5,7,435,34
1470,2,34,1,3,31,2,399,13
1471,2,73,2,3,11,1,98,68
1472,2,246,2,3,7,1,436,125
1474,1,267,4,3,14,7,437,56
1475,1,160,1,3,34,1,438,125
1476,2,224,2,3,7,5,439,22
1478,2,7,2,3,31,1,440,13
1479,1,268,1,3,57,1,441,172
1480,1,269,4,33,14,7,59,23
1481,3,241,1,48,89,19,442,173
1482,1,36,1,3,34,1,443,54
1483,1,190,1,3,109,1,300,11
1484,1,4,1,3,110,5,444,24
1485,3,166,1,54,21,6,249,5
1486,1,270,2,3,36,1,445,15
1487,2,210,2,3,50,1,446,54
1488,2,95,2,3,45,5,447,174
1489,1,160,1,3,34,1,448,109
1490,2,271,2,3,7,5,449,28
1491,2,272,2,3,11,2,272,27
1492,1,52,2,3,46,1,62,24
1493,1,273,1,3,34,1,450,70
1495,3,161,1,39,89,19,451,115
1496,2,274,1,3,1,1,452,70
1497,2,20,2,3,36,1,445,15
1498,2,275,4,55,5,28,453,175
1499,2,276,13,4,4,3,454,176
1500,2,277,4,9,5,29,455,177
1501,2,275,1,11,2,1,456,175
1502,1,278,1,6,3,1,457,178
1503,1,279,1,56,82,1,458,179
1504,2,275,1,3,2,1,459,180
1505,1,280,4,35,14,7,363,181
1506,2,281,1,10,3,1,83,182
1507,2,160,1,32,40,9,460,183
1508,1,74,1,5,6,1,461,184
1509,1,38,1,25,17,1,462,185
1510,2,275,1,46,3,1,453,175
1513,2,282,1,14,3,1,454,186
1514,1,14,2,14,18,1,49,187
1516,2,14,2,3,28,1,463,188
1517,1,36,2,3,8,1,27,180
1518,1,283,4,3,14,11,464,180
1519,1,54,2,3,61,1,465,189
1520,2,284,2,3,105,5,312,180
1521,1,101,2,3,111,2,466,190
1522,2,285,1,3,82,1,454,191
1523,1,286,4,3,5,7,467,192
1524,2,275,1,14,43,1,468,193
1525,2,174,2,3,6,5,469,194
1526,2,287,1,9,52,1,470,195
1527,1,288,2,46,56,1,471,196
1528,1,289,4,8,5,7,103,11
1529,2,287,1,5,3,1,380,197
1530,2,73,2,3,46,5,472,198
1531,2,23,1,34,56,1,336,199
1536,2,290,1,14,17,1,28,200
1537,2,291,1,3,56,1,473,201
1538,2,32,2,3,112,1,312,202
1539,2,148,1,3,18,1,468,203
1540,2,292,2,3,51,1,474,202
1541,2,293,2,3,101,5,475,204
1542,1,5,2,3,46,2,476,205
1543,2,275,1,55,20,1,453,175
1544,1,22,2,3,9,1,477,206
1546,2,294,2,3,19,5,478,207
1547,2,35,1,14,17,1,27,208
1548,2,196,1,57,113,1,479,209
1550,1,94,2,3,108,5,480,210
1551,2,295,2,3,114,5,481,204
1552,1,296,9,3,14,7,482,211
1553,2,282,1,16,20,1,483,212
1554,2,297,2,3,115,2,484,213
1556,1,160,2,3,61,2,485,189
1557,1,298,1,3,52,1,486,214
1558,1,299,4,3,5,26,487,215
1559,2,11,2,3,109,1,488,180
1560,1,54,2,3,50,2,489,216
1561,2,300,1,57,2,1,490,196
1563,2,301,2,3,9,2,491,194
1564,2,68,2,3,34,2,492,190
1565,2,47,2,3,34,8,493,217
1567,1,302,2,3,8,5,494,218
1568,1,284,1,3,105,5,312,180
1569,2,196,2,5,116,1,107,198
1570,3,303,2,58,21,6,495,219
1572,1,304,2,3,27,5,496,188
1573,2,4,2,3,34,5,497,194
1574,1,289,9,3,14,3,498,220
1575,2,120,2,3,77,1,499,212
1576,2,305,2,3,105,5,456,221
1577,2,181,2,3,3,2,500,202
1578,1,48,7,3,14,30,501,198
1580,2,306,2,3,61,5,502,222
1581,1,160,2,3,37,5,503,189
1583,2,307,2,3,39,1,504,223
1584,1,94,2,3,64,5,147,221
1586,3,308,2,59,89,6,376,194
1587,2,36,2,3,15,2,505,198
1588,2,309,2,3,34,2,506,210
1590,1,11,2,3,75,2,259,188
1591,2,310,2,3,8,1,507,219
1592,2,289,2,3,8,2,107,189
1595,1,311,2,3,117,1,508,224
1596,1,312,1,3,34,1,509,217
1597,2,313,2,3,81,5,510,198
1599,1,56,2,3,33,5,50,225
1600,1,123,2,3,104,1,511,226
1602,2,314,2,3,39,2,512,188
1603,2,45,2,3,26,1,513,227
1604,2,315,2,3,39,5,514,198
1605,2,291,2,3,60,5,515,222
1608,2,11,2,3,39,1,516,188
1609,1,51,4,3,14,6,117,189
1610,2,316,2,3,34,2,517,188
1613,2,35,2,3,94,2,518,189
1614,1,36,4,3,14,11,519,228
1616,1,191,2,3,52,5,520,189
1617,2,291,2,3,53,2,521,188
1618,2,317,2,3,8,2,522,221
1619,2,120,2,3,62,5,523,189
1620,2,94,2,3,75,2,147,229
1623,2,77,7,3,14,19,455,230
1624,2,318,2,3,41,5,524,188
1625,2,319,2,3,39,1,55,219
1626,2,159,2,3,98,9,463,231
1627,2,127,1,3,19,1,525,232
1628,2,320,1,14,52,1,526,233
1630,2,321,2,3,20,1,527,228
1631,2,175,2,3,8,5,528,226
1632,1,322,2,3,22,1,529,234
1633,2,3,2,3,118,1,530,213
1634,2,323,2,3,119,1,531,235
1635,2,324,2,3,15,2,532,219
1637,2,325,2,3,11,1,533,221
1638,2,326,2,3,86,5,534,180
1639,1,202,2,3,53,1,525,189
1642,1,289,7,3,14,22,535,230
1643,2,327,2,14,56,1,536,221
1645,2,328,1,5,20,1,83,185
1646,2,329,2,3,45,2,537,202
1649,1,41,1,3,66,1,538,190
1654,2,166,2,3,15,11,539,194
1657,2,166,4,3,14,3,540,212
1661,2,330,2,3,61,1,541,194
1671,2,331,2,3,8,1,542,236
1676,2,5,2,3,82,5,543,237
1690,1,332,2,3,7,2,544,238
1691,2,333,1,25,50,1,545,221
1693,2,287,2,3,31,5,546,188
1695,2,334,2,3,61,1,547,239
1708,2,335,2,3,120,1,548,198
1725,1,289,2,3,66,5,549,188
1726,2,11,2,3,16,5,488,180
1727,2,336,9,3,14,31,299,188
1728,2,144,2,3,96,5,550,240
1733,1,289,4,14,14,7,551,181
1738,1,101,2,3,30,5,552,180
1747,2,337,2,3,121,2,553,226
1749,1,16,2,3,16,2,5,210
1752,2,338,2,3,3,5,554,180
1764,3,339,1,60,21,32,555,241
1770,1,340,2,3,45,1,556,211
1773,1,4,2,3,86,2,557,213
1792,1,17,2,3,47,5,147,242
1799,1,73,2,3,44,5,480,210
1802,2,199,2,3,122,2,558,212
1803,1,45,2,3,61,1,559,202
1806,1,73,2,3,96,5,550,240
1807,2,181,2,3,10,2,560,198
1812,1,341,1,3,61,5,561,198
1813,2,342,2,3,123,2,562,221
1827,1,343,2,3,12,5,563,190
1831,2,344,2,3,75,2,55,212
1833,2,104,2,3,30,5,564,189
1851,1,131,7,3,14,7,565,212
1865,1,86,2,3,8,2,566,223
1869,2,35,2,3,34,5,567,188
1873,2,340,2,3,124,1,147,222
1877,1,14,2,3,104,2,568,243
1878,1,249,2,3,47,2,569,230
1884,2,345,2,3,83,1,468,244
1886,2,160,9,61,14,10,147,189
1887,1,14,2,3,60,5,570,198
1895,2,346,2,3,83,5,571,230
1896,1,14,2,3,69,33,403,210
1897,1,101,2,3,47,1,572,240
1901,2,289,2,3,125,2,159,221
1911,2,283,2,3,96,2,573,204
1916,1,51,2,3,13,5,574,212
1924,1,347,2,3,123,1,575,213
1932,2,348,2,3,92,1,576,242
1933,1,298,1,3,20,5,577,230
1934,2,56,2,3,83,2,578,194
1935,1,17,2,3,49,2,579,228
1940,2,349,2,3,34,1,388,194
1943,1,350,2,3,54,2,580,198
1949,2,292,2,3,3,5,478,221
1952,3,351,2,62,21,19,581,245
1954,2,315,2,3,39,1,582,222
1955,1,46,2,3,18,5,583,240
1957,2,276,2,3,123,1,584,246
1970,3,352,10,12,14,19,27,247
1976,1,51,2,3,72,5,585,212
1977,2,353,2,3,29,5,586,189
1979,1,295,2,3,86,5,587,247
1980,2,354,2,3,34,2,588,238
1981,1,355,2,3,54,5,589,248
1985,1,356,2,3,30,5,590,249
1991,1,131,2,3,126,5,499,212
1993,2,357,1,3,15,2,591,212
1995,2,289,2,3,28,2,159,221
1996,1,358,2,3,123,5,592,195
1997,1,340,2,3,34,1,593,239
1999,2,359,2,3,72,5,594,201
2000,1,16,2,3,100,2,590,210
2001,1,360,4,3,14,7,595,188
2006,2,361,1,3,7,5,596,180
2008,1,362,2,3,15,1,597,222
2011,1,363,2,3,49,5,598,238
2013,1,289,2,3,74,1,599,222
2014,2,364,2,3,11,2,600,212
2021,1,51,2,3,6,1,601,180
2027,1,134,2,3,96,5,602,250
2028,2,359,2,3,1,2,603,249
2030,2,5,7,3,14,8,604,198
2031,1,68,2,3,9,2,605,240
2035,1,160,2,3,15,1,517,189
2038,2,11,1,3,23,1,147,251
2039,2,174,2,3,34,5,138,198
2043,1,101,1,3,94,1,516,194
2044,2,349,2,3,39,5,131,188
2048,1,51,2,3,11,2,606,221
2049,2,289,2,3,15,5,607,223
2050,1,365,2,3,9,2,608,223
2052,1,35,2,3,60,5,609,242
2054,1,48,9,3,14,34,610,202
2057,1,366,2,3,46,5,611,194
2058,2,367,1,3,34,2,122,205
2061,1,368,2,3,36,2,612,222
2062,2,369,2,3,127,2,613,221
2063,2,36,2,3,12,5,614,221
2070,1,94,9,3,14,7,615,247
2074,2,370,1,3,68,2,616,202
2085,2,277,4,6,5,29,455,177
2086,2,371,13,4,4,3,454,252
2087,2,372,4,9,5,29,455,253
2088,2,281,1,40,2,1,617,254
2089,1,75,2,3,33,1,618,204
2090,1,373,1,5,34,1,619,255
2092,1,374,4,14,14,7,620,256
2093,2,375,1,10,7,1,83,257
2095,1,101,1,5,6,1,395,258
2096,1,376,1,33,2,1,621,246
2097,2,372,1,9,20,1,622,253
2098,2,377,1,14,3,1,454,259
2099,1,16,2,3,91,1,623,246
2102,1,378,2,3,34,1,624,260
2104,2,379,1,3,24,1,625,261
2105,1,4,4,3,5,7,626,190
2106,2,380,1,3,2,1,627,262
2107,2,381,2,3,3,2,628,198
2108,2,289,2,3,45,1,55,194
2109,2,344,2,3,34,1,266,221
2110,1,336,7,5,5,7,629,263
2111,2,332,1,10,19,1,590,249
2112,1,142,2,3,12,25,35,264
2113,2,382,1,29,3,1,336,175
2115,2,348,2,3,91,2,630,190
2116,1,383,1,11,17,1,5,256
2118,2,384,4,3,14,14,631,222
2119,2,385,1,3,17,1,2,265
2122,1,386,2,3,20,5,519,221
2124,1,387,2,3,91,5,632,230
2125,3,388,2,63,89,24,633,222
2126,2,389,2,3,45,1,634,188
2127,1,48,7,1,5,7,635,198
2128,2,390,2,3,20,1,287,194
2131,2,24,1,8,50,1,636,243
2133,2,35,2,3,94,1,151,194
2134,2,77,2,3,52,1,147,219
2135,1,36,2,3,115,2,637,228
2136,1,391,1,3,31,1,470,266
2137,2,353,1,14,3,1,638,234
2138,2,340,2,3,52,5,9,198
2139,1,392,2,3,51,5,112,222
2140,2,315,2,3,115,5,519,205
2143,1,14,2,1,52,1,638,234
2144,2,393,1,3,19,1,614,267
2146,1,101,2,3,3,1,639,198
2147,2,325,2,3,11,2,640,194
2148,2,327,2,14,56,1,641,268
2149,2,95,2,3,24,1,538,190
2150,1,299,1,3,123,1,642,269
2152,1,94,2,3,7,2,643,221
2153,2,394,1,10,17,1,284,268
2154,2,395,2,3,128,5,644,256
2156,2,344,1,3,75,2,51,188
2158,1,396,2,3,73,1,645,262
2162,2,372,4,6,5,29,455,253
2163,2,397,13,4,4,3,454,270
2164,2,275,4,14,5,28,453,175
2165,2,375,1,29,20,1,617,271
2166,2,398,1,10,3,1,556,272
2167,1,46,1,10,82,1,646,198
2168,1,14,1,33,2,1,647,260
2170,2,399,1,10,7,1,622,273
2171,1,400,1,3,129,23,648,274
2172,1,60,1,16,26,1,649,275
2173,1,401,1,33,17,1,533,218
2174,2,277,1,9,117,1,455,177
2175,2,359,1,16,3,1,650,201
2176,1,60,2,14,31,1,651,223
2179,2,402,1,3,22,1,625,276
2180,1,403,4,3,5,7,468,277
2181,2,404,1,3,43,1,259,278
2182,2,405,2,3,68,5,652,201
2183,2,315,2,3,45,1,653,188
2184,2,406,1,3,7,1,83,279
2185,3,147,1,64,21,6,654,230
2186,2,407,1,57,19,1,454,280
2187,2,144,1,15,3,1,655,232
2188,1,408,2,3,9,2,614,281
2189,2,283,2,3,82,1,656,212
2190,2,290,2,3,70,1,657,190
2192,2,409,2,3,97,1,658,282
2193,2,323,2,3,43,1,658,283
2195,1,14,2,3,20,2,659,222
2197,1,90,1,35,126,9,660,284
2198,2,410,2,3,46,1,661,188
2199,1,271,2,3,3,5,662,198
2201,3,411,10,31,14,35,663,212
2202,2,412,1,8,56,1,664,285
2204,1,112,2,3,16,5,665,286
2205,2,413,7,3,14,7,662,222
2206,3,414,14,12,14,3,666,198
2207,1,8,1,3,79,1,667,287
2208,2,415,1,3,11,1,668,234
2209,2,416,2,3,19,5,669,222
2210,1,89,2,3,50,1,670,198
2213,2,144,1,8,46,1,655,232
2214,2,327,2,14,56,1,671,223
2217,2,5,1,3,46,2,604,198
2218,1,14,2,3,101,1,672,228
2220,2,417,1,8,20,1,650,288
2221,2,418,4,37,5,36,650,289
2222,2,419,5,4,4,19,7,290
2223,2,420,1,5,2,1,621,176
2224,1,421,1,6,3,1,455,177
2225,1,373,1,5,61,1,619,255
2226,2,276,1,3,17,1,454,176
2228,2,422,1,10,7,1,7,291
2229,2,423,1,3,82,1,673,180
2230,1,60,1,14,26,1,259,292
2231,1,424,1,46,7,1,674,247
2232,2,281,4,42,5,7,617,254
2233,2,425,1,16,3,1,675,293
2234,1,16,2,3,31,1,676,202
2236,2,353,1,3,109,1,677,212
2237,1,45,4,3,5,7,678,294
2238,2,224,1,3,43,1,626,185
2239,2,332,1,10,19,1,590,249
2240,1,146,2,3,79,1,679,202
2241,2,328,1,65,19,1,454,185
2242,1,8,1,8,109,1,380,295
2243,2,354,2,3,6,1,680,249
2245,2,307,2,3,2,1,681,256
2246,2,289,1,3,56,1,682,204
2247,2,337,2,3,65,1,683,229
2249,1,46,1,3,26,5,684,262
2251,2,336,2,3,120,5,685,211
2253,1,426,1,2,18,1,458,179
2256,1,60,2,3,130,2,686,189
2259,2,427,2,3,3,5,687,189
2260,2,93,1,3,7,1,688,296
2261,1,46,1,3,7,1,689,297
2262,2,248,1,35,105,1,622,298
2265,2,144,1,65,101,1,324,299
2266,1,428,2,3,47,1,690,219
2267,2,128,2,3,50,5,147,223
2268,1,358,1,3,3,1,691,204
2271,2,328,4,14,5,37,83,185
2273,2,429,1,5,82,1,692,300
2274,2,332,1,46,3,1,590,249
2275,2,332,1,37,50,1,590,249
2278,2,430,1,10,7,1,649,265
2279,2,309,1,3,24,1,693,205
2280,1,16,1,14,26,1,277,281
2281,1,431,1,33,95,1,42,255
2282,2,375,4,66,5,7,617,271
2283,2,249,1,35,7,1,324,296
2284,1,60,2,3,131,1,694,221
2286,2,353,1,1,66,1,695,227
2287,1,432,4,3,5,7,626,301
2288,2,412,1,14,43,1,617,302
2289,2,433,2,3,91,1,696,226
2290,1,434,1,3,20,1,697,303
2291,2,435,1,3,1,1,698,239
2293,2,7,2,3,3,5,699,221
2294,2,337,2,3,43,1,700,235
2295,2,160,2,3,82,1,570,198
2296,2,307,1,3,19,1,701,234
2297,2,95,2,3,3,2,702,216
2299,2,337,1,14,66,1,3,304
2301,2,436,2,3,23,5,703,305
2303,2,113,4,3,14,7,704,222
2305,2,437,1,3,3,1,705,306
2308,2,436,2,3,105,5,272,180
2309,2,438,1,3,7,1,706,228
2310,1,439,1,3,20,1,707,307
2311,2,440,1,35,44,1,708,308
2313,2,364,1,3,86,1,709,240
2314,2,144,1,65,19,1,324,299
2315,1,428,2,3,49,1,710,211
2316,2,347,2,3,10,2,711,216
2317,1,441,2,3,20,1,378,222
2318,2,394,1,3,2,1,712,221
2319,1,5,2,3,49,1,713,230
2320,2,394,4,14,5,37,83,247
2321,2,407,4,14,5,37,83,280
2323,2,289,1,56,2,1,362,309
2324,2,442,1,37,50,1,590,310
2327,2,443,1,10,20,1,714,311
2328,2,283,2,3,23,1,715,272
2329,1,16,1,14,26,1,277,312
2330,1,444,1,32,54,1,3,304
2331,2,35,4,67,5,7,476,286
2332,2,345,1,55,3,1,455,313
2333,1,445,2,3,132,1,312,202
2335,2,379,2,3,43,1,716,314
2336,1,446,4,3,5,7,453,315
2337,2,382,1,41,7,1,279,316
2338,2,447,1,3,66,1,717,219
2339,2,309,1,3,43,1,698,317
2341,1,448,2,8,7,1,638,234
2342,1,449,2,3,43,1,453,318
2343,2,436,2,3,120,1,718,230
2344,1,109,1,3,7,1,590,210
2347,2,82,2,3,43,1,719,202
2348,2,450,1,3,52,5,720,319
2349,2,312,4,3,14,7,721,221
2351,2,309,1,46,3,1,722,195
2353,2,384,2,3,8,5,723,230
2355,1,20,1,3,3,1,501,296
2356,1,451,1,3,3,1,724,320
2357,2,56,1,3,3,1,659,321
2358,1,45,2,3,50,5,725,188
2359,2,7,2,3,31,5,147,269
2360,2,181,1,65,50,1,726,299
2361,2,144,1,3,79,1,727,198
2362,1,452,1,3,133,1,728,189
2363,2,453,1,3,79,5,729,222
2366,2,454,1,33,3,1,461,258
2367,2,24,1,37,50,1,590,322
2370,2,412,1,10,7,1,649,244
2371,1,8,1,16,26,1,604,323
2372,1,203,1,33,50,1,730,190
2373,2,328,4,42,5,7,83,185
2374,2,436,1,38,3,1,731,224
2375,1,455,2,3,87,1,732,324
2377,2,456,2,41,25,1,459,191
2378,1,457,4,3,5,7,453,325
2379,1,220,1,14,43,1,733,326
2380,2,458,1,5,3,1,521,180
2381,2,390,1,3,70,1,698,327
2382,2,458,1,65,3,1,734,189
2384,2,459,1,11,3,1,28,328
2385,1,109,1,3,7,1,336,250
2388,2,460,2,3,79,1,556,329
2389,2,461,2,3,7,1,735,198
2391,2,425,1,6,3,1,531,330
2393,2,313,2,3,124,2,736,221
2394,2,316,7,3,14,7,517,188
2395,3,462,2,68,21,32,737,331
2396,1,463,2,3,96,1,738,230
2397,2,464,1,3,3,1,659,204
2398,2,465,4,3,14,11,739,332
2399,2,394,1,3,50,1,440,281
2400,2,466,1,3,20,1,740,240
2401,2,82,1,3,134,1,741,190
2402,2,11,3,4,4,19,45,194
2403,2,467,4,5,5,4,6,243
2405,2,300,1,5,17,1,621,232
2406,2,175,1,37,50,1,590,333
2409,2,468,1,10,7,1,650,334
2410,2,249,1,37,56,1,259,335
2411,1,267,1,9,2,1,742,269
2412,2,469,4,69,5,7,743,222
2413,2,345,1,33,3,1,622,313
2414,1,60,2,3,91,2,744,336
2416,2,353,1,3,109,1,695,227
2417,1,14,4,2,5,7,745,216
2418,2,404,1,3,3,1,259,278
2419,2,423,1,3,1,1,698,337
2421,2,470,2,3,2,1,746,180
2425,2,430,2,3,51,5,747,249
2426,2,328,1,14,20,1,454,185
2428,2,249,1,6,3,1,748,200
2430,2,11,2,3,53,2,574,212
2431,2,304,1,3,17,1,749,190
2432,1,90,2,3,15,1,750,198
2433,1,73,2,3,50,1,751,245
2434,2,336,1,70,3,1,590,338
2436,2,471,1,3,50,1,752,268
2437,2,385,1,1,7,1,712,269
2438,2,144,1,3,56,1,259,202
2439,2,248,4,41,5,38,622,298
2440,2,472,4,5,5,4,6,216
2442,2,473,1,5,2,1,621,339
2443,2,51,1,37,50,1,590,207
2445,1,474,4,33,14,7,753,196
2446,2,475,1,3,7,1,754,268
2447,1,476,1,5,117,1,7,340
2448,1,477,1,5,2,1,755,246
2449,2,478,2,3,46,1,137,189
2450,2,11,1,5,3,1,468,193
2451,1,14,2,3,91,1,696,326
2452,2,479,1,3,20,1,756,201
2453,1,17,4,14,5,7,622,308
2454,2,425,1,5,43,1,259,341
2456,2,423,1,3,1,1,556,342
2457,2,480,2,3,22,1,757,324
2460,2,252,2,3,50,5,758,217
2461,2,481,2,3,2,5,759,194
2463,2,415,1,14,11,1,760,343
2465,2,175,2,3,128,5,653,194
2467,1,56,2,3,31,1,761,205
2468,1,482,1,3,3,1,762,180
2470,2,285,1,3,45,1,662,344
2471,2,289,1,11,20,1,763,238
2472,2,483,1,3,46,5,764,221
2473,2,484,4,41,5,38,622,308
2474,2,485,4,5,5,4,6,184
2476,2,5,2,3,20,5,765,221
2477,2,486,1,41,20,1,309,221
2479,1,467,4,33,14,7,742,184
2480,2,337,1,3,20,1,626,266
2481,1,51,1,5,117,1,7,251
2482,1,298,1,34,95,1,59,345
2483,1,487,4,66,5,7,277,292
2484,2,443,1,14,3,1,622,346
2485,1,17,2,3,121,1,766,248
2486,2,488,2,3,101,1,767,324
2487,1,489,4,37,5,7,303,340
2488,2,144,1,3,43,1,590,182
2489,2,333,1,3,70,1,626,347
2490,2,490,2,3,82,1,768,219
2492,2,328,1,56,3,1,83,185
2493,2,491,2,3,45,1,590,348
2494,1,332,2,3,16,1,259,212
2496,2,291,1,3,87,2,108,221
2498,2,51,2,3,8,2,769,188
2500,1,272,2,3,135,1,770,228
2501,2,492,1,3,19,1,771,260
2502,2,433,2,3,109,5,496,349
2503,2,493,1,35,7,1,649,350
2504,2,419,1,3,20,1,658,351
2505,2,337,1,3,50,1,553,226
2506,2,494,4,41,5,38,622,352
2507,2,100,4,5,5,4,6,326
2509,2,422,1,6,6,1,772,353
2510,1,482,1,3,66,1,521,180
2512,1,420,4,33,14,7,527,213
2513,2,453,1,3,7,1,468,229
2514,1,89,1,5,82,1,731,224
2515,1,495,1,29,2,1,773,354
2516,1,496,4,71,14,7,774,355
2517,2,497,1,9,3,1,775,326
2518,1,498,2,3,103,1,776,180
2519,2,353,1,41,31,1,695,227
2520,1,499,4,10,5,7,277,356
2526,2,313,1,25,20,1,777,357
2528,2,11,2,3,3,2,778,222
2530,3,500,10,72,14,19,779,307
2531,1,60,1,3,44,1,622,308
2532,2,460,1,3,20,1,698,358
2533,2,501,2,3,56,1,515,230
2534,2,502,1,35,7,1,347,194
2535,2,503,1,3,20,1,780,281
2536,2,504,1,3,50,1,781,222
2537,2,505,4,41,5,38,622,359
2538,2,340,4,5,5,4,6,240
2539,1,160,1,3,15,1,468,249
2540,2,506,1,2,6,1,336,360
2541,1,46,1,3,1,1,556,342
2543,1,507,4,35,14,7,782,228
2544,2,313,1,3,2,1,783,361
2545,1,288,1,8,56,1,468,203
2546,1,508,1,5,52,1,650,362
2547,2,282,4,66,5,7,468,363
2548,2,509,1,9,3,1,784,327
2549,1,16,2,3,103,1,538,208
2550,2,447,1,3,109,1,717,219
2551,1,109,4,3,5,7,3,364
2552,2,510,1,14,43,1,259,365
2553,2,511,1,3,10,1,743,348
2556,2,407,1,38,20,1,83,280
2557,2,455,1,41,7,1,785,196
2559,2,328,1,8,7,1,462,185
2561,2,316,2,3,15,1,267,219
2562,1,17,2,3,16,5,786,211
2563,1,60,2,3,79,1,698,253
2565,2,437,1,3,26,1,83,316
2566,2,353,1,8,31,1,695,227
2568,2,512,1,3,50,1,787,177
2569,2,513,4,41,5,38,622,366
2570,2,514,4,5,5,4,6,367
2571,1,31,1,73,17,1,788,250
2572,2,515,1,46,2,1,353,368
2573,1,516,1,3,24,1,556,369
2575,1,517,4,35,14,7,789,223
2576,2,455,1,3,2,1,618,370
2577,1,16,1,2,6,1,309,249
2578,1,518,1,5,7,1,650,371
2579,2,309,4,42,5,7,336,372
2580,2,425,1,14,7,1,324,373
2581,1,60,2,3,136,2,790,332
2582,2,483,2,3,70,1,590,374
2583,1,392,4,11,5,7,634,375
2584,2,493,1,14,43,1,791,376
2585,1,519,1,3,80,1,259,278
2588,2,289,1,14,52,1,792,360
2592,1,520,2,3,123,1,793,242
2595,2,285,1,1,91,1,617,320
2596,2,521,1,3,7,1,794,228
2597,2,522,4,41,5,38,622,294
2598,2,523,4,5,5,4,6,323
2599,1,159,1,3,1,1,795,180
2600,2,455,1,41,2,1,785,196
2601,2,309,1,3,19,1,147,343
2603,2,524,1,3,7,1,51,377
2604,1,525,1,3,43,1,796,378
2605,2,418,1,14,20,1,650,289
2606,2,502,4,74,5,7,797,379
2607,2,328,1,46,3,1,83,185
2608,1,5,2,3,103,2,798,380
2609,2,313,2,3,135,1,259,238
2610,1,197,4,3,5,7,659,381
2611,2,398,1,3,3,1,556,272
2614,1,4,1,3,112,1,799,213
2615,2,359,1,35,7,1,800,382
2618,2,56,2,3,15,2,147,221
2619,1,426,2,3,11,1,801,383
2620,1,14,2,3,7,1,802,177
2621,2,282,1,14,45,1,803,384
2622,1,526,4,3,14,11,804,221
2624,2,283,4,5,5,4,6,385
2625,1,258,1,73,18,1,674,208
2626,2,453,1,6,17,1,6,254
2627,2,492,1,3,19,1,147,261
2629,1,4,1,3,56,1,468,203
2630,2,120,1,14,7,1,590,386
2631,2,502,4,75,5,7,805,321
2632,2,407,1,46,3,1,83,280
2633,1,5,2,3,136,1,806,229
2634,2,326,2,3,119,5,807,341
2635,1,527,4,3,5,7,659,387
2636,2,471,1,14,43,1,309,388
2638,1,51,2,3,137,1,808,194
2639,2,323,2,3,20,1,809,222
2640,2,437,2,3,2,5,810,222
2642,2,307,2,3,20,2,811,222
2643,1,426,2,3,50,1,812,189
2645,2,497,1,14,43,1,813,332
2646,2,528,1,8,7,1,814,389
2647,2,416,4,5,5,4,6,390
2649,2,390,1,6,17,1,6,391
2650,2,436,1,3,50,1,147,392
2652,1,73,1,3,101,1,259,341
2653,1,529,1,3,7,1,815,210
2654,2,282,4,71,5,39,816,266
2655,2,144,1,3,3,1,324,299
2656,1,60,2,3,103,1,52,195
2657,1,16,4,8,5,7,380,393
2658,2,390,1,40,43,1,200,394
2659,1,67,1,3,17,1,5,315
2661,3,186,14,12,14,3,817,180
2662,2,530,4,3,14,7,267,305
2663,1,208,2,3,50,1,818,395
2664,2,328,1,3,101,1,819,246
2665,2,505,1,14,2,1,820,211
2666,2,531,1,3,17,1,621,246
2667,2,532,4,5,5,4,6,396
2669,2,533,1,33,20,1,336,179
2670,2,534,1,3,50,1,147,288
2672,1,535,2,3,52,1,821,221
2673,1,391,1,3,3,1,712,269
2674,2,419,1,14,52,1,3,397
2675,2,536,2,3,52,5,822,221
2676,1,78,2,3,112,1,823,221
2677,1,537,4,11,5,7,792,334
2678,1,31,1,5,43,1,698,179
2679,2,538,2,3,81,5,824,198
2680,2,521,2,3,86,1,825,177
2681,2,539,1,3,39,1,826,222
2683,1,56,2,3,52,1,147,219
2684,2,409,2,3,97,1,827,377
2685,2,436,1,3,46,1,468,398
2686,2,453,1,3,17,1,621,218
2687,1,540,1,3,27,1,828,188
2688,2,541,1,32,25,1,829,399
2689,1,54,2,3,54,1,299,217
2691,1,46,1,3,123,1,259,400
2692,2,453,1,14,7,1,830,247
2693,2,419,1,14,3,1,831,194
2694,2,309,1,3,3,1,324,401
2695,1,60,2,3,120,1,259,194
2696,1,139,4,33,5,7,83,185
2697,2,359,1,3,3,1,675,250
2698,2,436,2,3,46,1,832,222
2700,2,542,1,55,3,1,7,179
2701,1,543,2,3,19,1,833,198
2702,1,544,2,3,117,1,834,307
2703,2,433,2,3,101,1,800,286
2705,2,3,1,3,3,5,596,198
2706,1,75,1,10,15,1,811,202
2707,2,328,1,56,17,1,83,185
2708,1,421,2,3,47,2,691,402
2710,1,89,1,3,6,1,5,386
2711,2,425,1,14,7,1,324,373
2712,2,337,4,76,14,7,303,340
2713,2,409,1,3,17,1,324,403
2714,1,60,2,3,18,1,655,297
2715,1,60,4,10,5,7,83,247
2716,2,545,1,14,43,1,476,294
2717,2,546,2,3,19,1,716,219
2721,1,208,2,3,101,1,610,205
2723,1,14,1,56,91,1,835,286
2725,3,48,1,77,89,19,836,269
2726,2,297,1,32,43,1,303,232
2727,1,421,1,3,46,1,837,383
2728,2,467,1,33,2,1,6,243
2729,1,4,1,3,26,1,621,400
2730,2,443,1,14,7,1,476,404
2731,2,407,4,71,5,7,838,188
2732,1,5,2,3,18,1,839,192
2733,1,17,4,10,5,7,3,405
2734,2,547,1,40,19,1,840,349
2735,2,340,1,3,33,1,147,222
2737,3,548,1,78,21,19,841,311
2738,2,340,2,3,83,2,842,210
2739,1,75,2,3,64,1,578,188
2740,2,505,1,3,45,1,147,406
2741,2,407,1,25,7,1,462,280
2742,3,161,1,39,89,19,843,407
2743,2,394,1,40,82,1,83,247
2744,1,146,1,3,45,1,590,249
2745,1,8,2,3,11,2,844,181
2746,2,549,1,14,7,1,650,408
2747,2,409,2,3,138,1,827,377
2748,1,313,2,3,117,1,845,409
2749,1,550,4,10,5,7,259,341
2750,2,502,1,10,43,1,298,277
2751,2,337,2,3,46,5,846,230
2755,1,551,2,3,130,1,847,234
2756,2,328,1,29,31,1,83,185
2757,2,502,1,3,18,1,347,194
2758,1,160,1,3,15,1,468,249
2759,2,337,1,32,82,1,303,340
2761,1,60,1,37,56,1,3,405
2762,1,19,1,3,7,1,476,410
2763,2,337,2,3,65,1,384,218
2764,1,60,2,3,31,1,848,221
2765,1,146,4,46,5,7,590,249
2766,2,404,1,3,20,1,259,278
2767,2,321,1,3,91,1,177,307
2769,2,539,2,3,39,5,849,189
2770,2,552,1,3,10,2,650,222
2771,1,75,2,3,96,1,850,230
2772,2,332,1,14,66,1,590,249
2773,2,455,1,3,17,1,468,196
2774,1,160,1,65,15,5,461,202
2775,2,382,1,2,20,1,102,197
2776,2,553,1,10,49,1,590,411
2777,1,46,2,3,56,5,851,194
2778,1,365,1,14,20,1,476,275
2779,2,337,2,3,87,1,384,218
2780,1,16,2,3,70,1,852,263
2781,1,17,4,56,5,7,336,353
2782,2,425,1,3,17,1,853,293
2783,1,554,2,3,26,1,854,221
2786,1,555,2,3,101,1,778,222
2787,2,51,1,3,139,1,855,412
2788,2,313,1,41,20,1,736,221
2790,2,211,1,35,2,1,621,413
2791,2,458,1,3,66,1,521,180
2792,1,119,1,57,119,1,3,299
2793,2,556,2,3,3,1,856,223
2794,1,101,2,3,3,1,857,290
2795,1,272,4,10,5,7,731,224
2796,2,557,1,25,20,1,792,414
2799,1,1,1,3,102,1,858,240
2802,2,453,1,1,20,1,621,218
2804,1,558,1,3,17,1,859,270
2805,2,397,2,3,134,1,324,262
2806,1,60,2,3,18,1,453,415
2807,1,350,4,10,5,7,649,404
2808,2,336,1,25,20,1,649,416
2809,2,559,1,3,17,1,860,177
2811,1,520,2,3,7,1,861,245
2812,2,94,1,8,7,1,765,191
2813,1,75,1,57,15,1,811,202
2814,2,313,1,55,2,1,468,417
2816,2,422,1,14,3,1,353,256
2817,2,354,2,3,49,5,862,198
2818,1,14,2,3,18,1,863,296
2819,1,209,4,10,5,7,259,225
2820,2,304,1,25,7,1,792,332
2822,1,560,1,3,7,1,650,404
2823,2,561,1,3,2,1,590,415
2824,3,161,1,39,89,19,864,262
2825,2,249,1,15,19,1,49,190
2827,2,349,1,14,3,1,353,418
2828,2,453,2,3,117,1,865,198
2829,1,14,2,3,132,1,866,202
2830,1,9,1,3,33,1,678,419
2831,2,23,1,3,52,1,147,420
2833,1,562,2,3,120,1,867,221
2834,2,395,1,41,45,1,650,399
2835,3,48,1,77,89,19,836,269
2836,2,425,1,46,50,1,49,292
2837,2,563,1,3,20,1,784,251
2838,2,409,1,3,136,1,827,377
2839,1,89,4,3,5,7,765,421
2840,2,425,1,3,3,1,868,330
2842,1,564,2,3,20,1,869,212
2843,2,353,1,8,46,1,638,234
2844,1,28,1,3,24,1,870,190
2845,2,338,1,3,43,1,871,422
2846,2,313,1,3,2,1,872,390
2847,2,409,2,3,140,1,827,377
2848,1,60,4,56,5,7,468,423
2849,2,565,1,3,20,1,873,360
2851,1,46,2,3,7,1,874,207
2853,1,146,1,3,87,1,700,207
2854,2,409,1,3,2,1,324,403
2855,2,95,1,3,82,1,875,202
2856,1,66,4,11,5,7,626,270
2857,2,282,1,41,43,1,876,424
2858,3,185,2,79,21,24,877,336
2859,1,426,2,3,82,1,878,234
2862,2,419,1,3,17,1,324,425
2863,1,554,4,11,5,7,20,426
2864,2,505,1,15,20,1,879,427
2866,1,564,2,3,9,1,880,204
2867,2,566,1,8,50,1,792,428
2868,1,46,1,1,2,1,881,429
2869,2,95,1,3,17,1,702,216
2870,1,159,4,3,5,7,678,430
2871,2,382,1,41,17,1,399,431
2873,1,146,1,3,7,1,590,249
2875,1,567,4,3,5,7,882,263
2876,2,328,1,10,43,1,462,185
2877,2,425,1,3,133,1,783,189
2878,1,66,2,3,49,1,883,432
2880,1,48,4,10,5,7,177,270
2881,2,394,1,10,43,1,454,247
2883,1,271,2,16,69,1,884,420
2885,1,568,4,10,5,7,177,264
2886,2,332,1,10,17,1,590,249
2888,1,569,1,3,31,1,885,433
2890,1,265,4,3,5,7,796,378
2891,2,407,1,25,7,1,83,280
2892,2,570,1,3,82,1,827,249
2893,1,571,2,3,22,1,886,249
2895,1,572,4,3,5,7,887,262
2896,2,573,1,25,7,1,888,409
2898,1,46,2,3,79,1,889,213
2900,1,350,4,3,5,7,453,434
2901,2,309,1,3,20,1,890,188
2903,1,574,2,3,79,1,484,213
2905,1,571,4,57,5,7,655,232
2906,2,249,1,41,17,1,891,202
2908,1,575,1,3,52,1,638,234
2910,1,78,4,11,5,7,20,435
2911,2,497,1,15,52,1,147,436
2912,2,405,2,3,24,1,892,297
2913,1,560,1,3,18,1,832,437
2915,1,14,4,5,5,7,336,438
2916,2,576,1,25,20,1,659,259
2917,2,347,2,3,31,5,720,281
2918,1,24,2,3,45,1,893,222
2920,1,298,4,1,5,7,894,234
2923,1,265,1,16,20,1,590,437
2925,1,255,4,3,5,7,895,345
2927,1,73,2,3,52,1,896,395
2929,1,401,4,11,5,7,626,419
2931,1,551,2,3,20,1,897,188
2933,1,577,4,9,5,7,792,348
2935,1,448,2,3,51,1,783,439
2937,1,14,4,37,5,7,453,175
2939,1,98,2,3,60,1,898,439
2941,1,355,4,3,5,7,324,418
2943,1,38,2,3,17,1,899,281
2945,1,8,1,3,117,1,380,249
2947,1,578,1,3,82,1,900,280
2949,3,579,1,80,21,3,901,347
2950,2,418,1,32,19,1,902,427
2951,1,190,1,3,20,1,574,422
2953,1,14,4,10,5,7,903,412
2955,1,272,2,3,60,1,904,317
2956,1,60,1,3,7,1,455,230
2957,3,571,2,81,21,19,905,324
2958,1,185,2,3,60,1,906,310
2960,3,101,2,82,21,19,907,212
2961,1,580,2,3,52,1,781,218
2963,3,581,2,83,21,3,463,264
2964,1,582,2,3,20,1,908,213
2966,3,583,2,84,21,19,909,440
2967,1,584,2,3,20,1,910,214
2969,1,585,2,3,126,5,911,228
2972,1,586,2,3,19,1,249,189
2975,1,26,2,3,33,1,659,194
2978,1,38,2,3,22,1,912,227
2980,3,185,2,79,21,19,877,336
2981,1,48,2,3,128,1,659,194
2983,3,581,2,84,21,3,913,441
2984,1,587,2,3,40,1,828,230
2985,1,256,1,38,31,1,649,237
2986,1,4,2,3,136,2,914,213
2987,1,588,2,3,91,5,578,210
2988,1,256,1,57,20,1,915,442
2989,2,405,1,3,31,1,916,443
2990,2,589,4,37,5,36,650,444
2991,2,590,4,9,5,29,455,445
2992,2,590,4,6,5,29,455,445
2993,1,6,1,85,3,1,556,446
2994,2,591,1,34,141,1,917,447
2995,2,592,1,8,52,1,918,448
2996,2,319,1,14,50,1,590,449
2997,2,349,1,33,56,1,147,450
2998,1,36,1,5,117,1,7,451
2999,1,593,1,5,7,1,622,452
3000,2,590,1,34,3,1,622,445
3002,1,97,1,37,91,1,223,453
3003,1,355,1,3,3,1,919,454
3004,1,594,4,3,5,7,920,455
3005,2,595,2,3,34,2,650,456
3006,2,596,1,10,7,1,921,457
3007,2,597,1,86,101,1,147,458
3008,2,595,2,3,46,40,922,449
3009,2,598,1,15,3,1,556,446
3010,2,599,1,3,91,1,923,459
3011,1,48,2,3,34,1,924,456
3012,1,600,1,33,62,1,925,460
3014,1,245,2,3,77,41,403,461
3015,2,601,2,3,20,1,926,462
3016,2,602,9,3,14,7,927,459
3017,2,418,1,37,52,1,928,461
3018,1,426,1,57,110,41,160,463
3019,2,596,1,87,142,1,929,464
3020,1,175,1,3,56,1,922,465
3021,2,603,1,2,66,1,930,466
3022,2,604,2,3,117,1,678,467
3023,2,605,1,16,3,1,626,451
3026,1,349,2,3,61,2,931,468
3027,1,196,2,16,66,1,932,466
3029,1,6,1,2,43,1,933,457
3030,1,606,9,3,14,26,934,448
3031,1,36,2,3,23,5,935,469
3033,1,174,2,3,15,1,936,446
3035,1,332,2,3,15,5,937,448
3036,2,601,2,3,49,2,653,448
3038,3,81,10,12,14,42,938,444
3041,2,17,2,3,104,2,939,470
3044,2,607,2,3,39,1,940,448
3047,2,54,9,3,14,19,941,468
3050,1,344,2,3,104,5,942,470
3051,2,595,2,56,46,1,943,471
3052,2,608,1,33,7,1,792,472
3053,2,546,2,35,7,1,944,473
3055,2,609,2,3,135,5,615,459
3057,2,610,4,71,5,7,590,474
3060,2,611,2,3,15,2,945,468
3061,1,36,2,3,104,2,946,458
3065,2,349,9,3,14,43,947,468
3067,1,606,2,3,126,2,948,469
3068,2,609,2,3,143,2,949,475
3069,2,289,2,3,34,2,769,449
3070,2,612,2,3,68,5,950,469
3072,2,613,2,3,39,1,574,459
3073,2,316,1,3,15,2,951,450
3074,2,344,2,3,57,5,107,219
3075,1,36,2,3,48,5,147,456
3077,2,614,2,3,34,1,952,448
3078,1,433,7,88,14,34,953,457
3084,2,615,2,3,3,2,41,470
3085,2,616,2,3,115,5,954,450
3086,2,344,1,3,46,1,955,476
3088,1,332,2,3,34,1,956,456
3090,2,617,2,3,39,5,957,458
3091,1,618,2,3,19,1,958,477
3093,2,619,2,3,27,2,959,458
3094,2,620,2,3,39,5,960,458
3095,3,621,14,89,14,6,961,448
3096,2,622,2,3,108,5,275,464
3097,2,623,2,3,34,5,962,450
3100,2,624,2,3,20,1,963,478
3104,1,131,1,3,23,5,964,448
3106,2,316,2,3,34,1,965,449
3107,1,625,2,3,34,5,966,449
3108,1,289,2,3,68,1,967,475
3111,1,626,2,40,98,1,968,479
3112,2,16,2,3,8,1,969,448
3113,2,349,2,3,126,2,147,450
3114,2,627,2,3,39,2,970,475
3115,1,5,2,3,26,1,971,457
3116,2,323,2,3,16,2,972,450
3117,1,51,2,3,135,5,973,459
3118,1,628,2,3,8,2,267,462
3119,1,289,2,3,61,1,974,450
3120,3,629,10,26,71,42,329,453
3121,2,628,4,3,14,25,975,456
3122,2,315,2,3,39,1,976,448
3123,1,539,9,3,14,3,977,468
3124,2,630,2,3,94,5,856,468
3125,2,60,2,3,61,1,517,450
3126,2,595,2,3,74,2,403,448
3127,2,631,2,3,36,5,978,219
3129,2,332,2,3,22,5,539,219
3130,1,546,9,3,14,14,979,450
3131,2,632,2,3,135,2,980,468
3132,1,633,2,3,91,1,981,480
3133,2,566,2,3,24,1,982,450
3134,2,604,2,3,66,1,983,478
3137,1,634,2,3,90,5,984,456
3138,1,340,2,3,23,5,985,456
3139,1,160,7,90,14,44,986,449
3150,1,587,2,3,120,1,987,478
3154,1,392,2,3,60,9,988,456
3156,1,94,1,3,61,2,989,470
3160,1,160,7,3,14,7,990,469
3162,2,546,2,3,33,5,147,445
3163,2,51,4,3,14,19,991,448
3167,1,77,2,3,3,1,992,481
3168,2,622,2,3,67,2,299,448
3170,1,47,7,3,14,7,993,469
3171,2,635,4,3,14,10,994,459
3173,1,290,2,3,8,1,995,461
3175,1,205,7,3,14,14,996,448
3178,3,636,8,12,14,18,997,482
3180,2,637,2,3,39,1,368,483
3183,1,73,2,3,58,5,998,450
3185,3,14,1,91,21,19,999,450
3187,2,349,2,3,128,2,1000,470
3192,1,638,2,5,45,1,1001,469
3193,2,639,1,41,20,1,922,468
3194,2,640,1,41,50,1,1002,484
3195,2,641,1,2,6,1,1003,450
3196,1,332,1,25,50,1,1004,484
3197,2,490,1,14,50,1,590,478
3198,2,595,2,33,19,1,147,468
3199,1,94,1,16,26,1,590,467
3200,2,349,1,14,20,1,659,457
3201,2,642,1,14,3,1,380,485
3202,1,363,2,56,91,1,1005,471
3203,2,643,1,3,3,1,698,474
3204,1,326,4,73,5,7,380,485
3205,2,644,2,3,18,5,1006,453
3206,2,645,2,3,7,5,1007,450
3207,2,598,1,86,3,1,556,446
3208,2,646,1,37,56,1,678,471
3209,2,647,1,65,31,1,1008,457
3210,2,611,1,38,73,1,1009,471
3211,1,196,1,55,56,1,1010,481
3214,2,644,2,3,7,1,1011,219
3216,1,619,1,15,39,1,28,457
3217,1,5,1,3,46,1,1012,469
3218,3,101,2,92,21,19,1013,468
3219,2,648,1,16,56,1,1014,477
3220,2,539,1,3,54,1,1015,457
3221,1,77,2,3,61,5,1016,473
3222,1,649,2,3,64,1,1017,469
3223,2,628,9,3,14,7,1018,449
3224,2,650,1,9,19,1,1019,463
3225,2,651,9,3,14,11,1020,458
3226,1,51,1,3,82,1,1021,477
3227,3,75,2,93,21,6,1022,470
3229,2,641,1,37,3,1,7,451
3230,2,643,2,3,31,1,1023,453
3233,1,350,1,16,3,1,1024,478
3234,2,344,2,3,23,5,1025,468
3235,2,624,2,3,20,1,925,465
3237,1,14,2,3,32,1,539,468
3238,1,546,2,46,3,1,1026,456
3240,2,417,1,8,68,1,1027,483
3241,1,652,1,40,74,1,1005,456
3242,2,344,1,46,20,1,617,486
3244,2,597,1,14,50,1,590,467
3245,2,591,1,29,144,1,1028,449
3246,2,653,1,14,20,1,556,481
3247,2,654,1,14,20,1,380,455
3248,2,655,1,8,31,1,1029,460
3249,2,344,1,3,20,1,1025,468
3250,1,235,4,41,5,7,617,486
3251,2,656,1,3,91,1,678,450
3252,2,609,1,3,52,1,1030,458
3253,2,646,1,37,3,1,678,471
3254,1,657,1,38,74,1,1005,471
3255,2,658,1,38,73,1,1031,487
3256,2,659,1,3,56,1,1021,463
3257,2,344,2,3,145,1,1032,449
3258,2,640,2,3,3,2,1033,452
3260,1,77,2,3,34,1,1034,488
3261,2,377,2,3,47,5,762,457
3262,2,620,7,3,14,30,1035,468
3264,1,595,1,3,61,1,1036,475
3265,1,56,2,3,50,1,1037,458
3266,2,660,7,3,14,7,1038,450
3267,2,447,1,3,3,1,765,483
3268,2,661,4,3,14,11,502,458
3269,1,60,1,3,6,5,1039,449
3270,2,604,1,55,91,1,765,445
3271,2,662,1,10,20,1,714,462
3272,2,656,1,3,3,5,1040,461
3274,1,663,2,3,66,1,517,456
3276,2,664,4,14,5,45,1029,460
3277,1,205,1,94,3,1,147,449
3279,2,595,1,14,50,1,590,445
3280,2,349,1,3,17,1,1041,456
3281,2,490,1,14,7,1,622,471
3282,2,603,1,38,3,1,1042,466
3283,2,566,1,3,25,1,380,483
3284,1,665,1,95,146,1,1043,456
3285,1,78,4,65,5,7,1008,457
3287,2,666,1,5,18,1,1044,461
3288,2,667,1,5,3,1,380,485
3289,1,668,1,3,3,1,775,446
3290,2,349,1,5,105,1,1045,464
3291,2,669,1,65,20,1,919,469
3292,2,447,2,3,66,1,765,483
3293,2,670,2,3,1,1,1046,449
3294,2,598,1,10,43,1,1047,486
3295,1,51,2,3,52,5,1048,447
3296,2,349,2,3,49,5,1000,470
3298,2,671,1,3,58,5,1049,475
3299,2,319,4,3,5,30,580,489
3300,1,342,2,3,52,1,979,450
3301,2,672,4,3,5,7,1050,459
3302,2,673,1,3,147,1,983,449
3303,2,627,2,3,8,2,1051,469
3305,2,619,1,14,52,1,147,469
3306,2,674,1,10,123,1,453,476
3307,2,642,1,16,3,1,1052,483
3308,2,675,1,3,3,1,1053,468
3309,1,676,1,3,43,1,650,462
3311,1,677,1,9,3,1,1054,449
3313,2,344,1,14,50,1,590,490
3315,2,678,1,3,3,1,1055,480
3316,2,679,1,46,3,1,1056,482
3317,2,680,1,3,18,1,1057,491
3318,1,681,4,15,5,7,1058,469
3319,1,60,4,8,5,7,556,486
3320,2,598,1,3,36,1,1059,450
3321,2,682,2,3,3,1,1060,449
3323,2,647,1,65,20,1,1061,457
3324,2,683,1,3,66,1,590,485
3325,2,684,9,3,14,7,1062,475
3326,2,598,1,33,17,1,1059,450
3327,1,77,4,3,14,7,1063,448
3328,2,684,4,3,14,7,1064,458
3330,2,685,1,3,3,1,163,459
3331,1,60,2,3,52,1,698,219
3333,2,597,1,3,19,1,556,484
3335,1,56,1,3,91,1,1065,469
3336,2,595,1,35,3,1,1005,471
3337,2,686,1,10,7,1,650,481
3338,2,654,1,16,3,1,1066,476
3341,2,598,1,10,3,1,1067,478
3342,2,687,1,14,19,1,1012,475
3343,2,598,1,14,50,1,590,461
3345,2,591,1,29,3,1,917,447
3346,2,680,1,3,17,1,1068,481
3347,1,688,1,1,3,1,1069,459
3348,1,319,1,46,34,1,223,469
3349,2,689,2,3,49,5,1070,459
3350,2,682,2,3,7,1,1060,449
3351,2,546,1,3,68,1,1037,489
3352,2,690,1,3,56,1,1037,484
3354,2,691,2,3,12,5,1071,473
3355,2,692,4,3,14,30,1072,458
3357,1,36,1,46,52,1,335,445
3358,1,51,2,3,50,1,1073,456
3360,2,693,1,11,148,1,1074,481
3363,2,619,1,14,45,1,380,449
3364,2,694,1,10,50,1,1075,463
3365,2,695,1,14,17,1,942,486
3366,1,428,2,3,47,1,1076,457
3368,2,597,1,8,7,1,147,458
3369,2,597,1,41,50,1,717,447
3370,2,609,1,3,50,1,403,449
3371,2,595,1,37,20,1,403,448
3373,2,696,1,3,3,1,622,453
3374,2,697,1,41,119,1,896,450
3375,2,698,1,41,3,1,1077,471
3376,1,392,4,3,5,7,1078,452
3377,2,675,1,46,82,1,1079,471
3378,2,597,1,38,46,1,147,458
3379,2,699,1,5,10,1,932,459
3380,2,344,1,55,52,1,1074,472
3383,3,700,1,96,21,19,1080,454
3385,2,692,7,3,14,7,1081,456
3386,2,546,1,97,19,1,1082,455
3387,2,701,9,3,14,11,1083,459
3388,1,7,2,3,49,5,1084,473
3389,2,650,1,14,7,1,1085,473
3390,2,656,1,3,7,1,922,474
3391,2,702,1,3,87,2,1086,461
3392,1,703,2,3,19,1,1087,491
3394,2,344,1,8,7,1,147,459
3395,2,598,1,14,101,1,1088,468
3397,2,597,1,37,19,1,147,458
3399,2,640,2,3,3,1,678,455
3400,2,704,2,46,31,1,1089,490
3401,1,705,1,5,43,1,751,461
3402,1,7,4,3,5,7,920,450
3403,2,344,1,3,149,1,117,448
3404,2,436,4,3,14,7,1090,450
3405,2,647,1,9,10,1,1008,457
3408,1,498,2,3,64,1,1091,456
3409,2,643,1,3,19,1,765,470
3410,1,706,1,3,17,1,556,469
3411,2,344,1,14,3,1,1092,463
3412,2,640,1,3,20,1,922,492
3413,2,707,2,3,3,1,1093,473
3414,1,618,2,3,19,1,554,491
3416,2,708,1,8,46,1,1094,492
3417,2,709,1,1,3,1,556,457
3421,2,377,1,3,3,1,1095,456
3422,2,710,1,3,115,5,1096,456
3423,2,490,1,14,17,1,476,472
3424,1,196,4,15,5,7,1074,472
3426,2,505,1,10,3,1,920,485
3427,2,669,1,9,10,1,978,469
3428,2,642,1,3,3,1,1097,478
3430,1,56,2,3,40,1,1019,476
3431,2,505,1,14,56,1,1098,456
3432,2,697,1,14,18,1,1099,486
3433,2,610,1,3,3,1,288,474
3434,2,711,1,3,3,1,1100,449
3437,1,712,1,3,3,1,1101,483
3439,2,650,1,37,20,1,403,487
3441,2,713,2,3,3,1,604,478
3442,2,714,1,10,91,1,792,449
3443,2,715,1,25,20,1,649,465
3444,1,326,4,65,5,7,1102,458
3445,2,716,1,10,45,1,1103,457
3446,2,647,1,5,3,1,1008,457
3447,2,698,1,14,7,1,922,455
3448,2,717,1,3,50,5,556,486
3450,2,718,2,3,150,1,1104,468
3451,2,714,1,9,19,1,792,449
3453,2,675,1,3,10,1,1105,477
3454,1,719,1,11,3,1,1106,451
3455,2,720,1,41,19,1,590,482
3456,2,679,1,16,1,1,1107,452
3458,2,721,1,37,20,1,403,488
3460,1,2,2,3,107,1,1108,472
3461,2,722,1,25,7,1,1109,446
3462,1,297,4,46,5,7,1029,460
3463,2,546,2,3,47,5,223,457
3464,2,507,1,5,98,1,1075,479
3465,2,723,1,3,17,1,1110,456
3467,1,208,2,3,91,1,1111,470
3468,2,664,1,9,19,1,1112,479
3469,2,724,1,3,149,1,855,451
3470,2,675,1,3,3,1,1079,471
3471,1,725,2,16,149,1,1113,468
3472,2,726,1,3,7,1,1114,465
3473,2,716,1,14,3,1,590,486
3474,2,727,1,3,19,1,1115,469
3475,2,344,1,37,20,1,403,479
3478,2,728,1,41,56,1,380,486
3479,1,51,4,65,5,7,922,490
3480,2,729,1,5,3,1,1116,469
3482,2,718,1,3,17,1,556,491
3483,2,730,4,55,5,7,1117,456
3484,1,195,1,3,2,1,928,445
3485,2,731,1,9,19,1,792,453
3486,2,344,1,14,91,1,1074,472
3487,2,711,1,3,3,1,1118,447
3488,1,676,2,2,52,1,1119,488
3489,2,336,1,8,20,1,765,474
3490,1,6,1,34,3,1,1120,454
3491,2,732,1,37,20,1,403,469
3493,2,718,2,3,107,1,1121,478
3494,2,733,1,25,20,1,380,449
3495,1,7,4,3,5,7,922,456
3497,2,734,1,3,43,1,1122,446
3498,2,316,2,3,39,2,951,450
3499,1,56,2,3,88,1,1123,450
3500,2,708,1,41,19,1,556,463
3501,1,174,2,65,20,1,650,471
3502,2,653,1,14,9,1,556,481
3503,1,735,2,3,10,5,1124,468
3504,1,736,1,3,52,1,1008,457
3506,2,683,2,3,10,1,590,485
3507,2,597,1,25,20,1,1067,452
3508,1,131,4,3,5,7,698,219
3509,1,737,1,3,1,1,556,486
3511,1,421,2,3,18,1,521,485
3515,1,738,1,3,27,1,556,486
3517,2,643,1,3,66,1,795,445
3518,1,739,4,3,5,7,1012,459
3519,2,599,1,3,3,1,1125,477
3521,1,325,2,3,98,1,1126,481
3522,1,332,1,3,19,5,1127,444
3523,1,7,1,3,1,1,1128,457
3525,1,735,1,3,56,1,35,447
3527,2,447,1,3,31,1,1101,483
3528,1,208,4,3,5,7,403,454
3529,2,740,1,3,115,1,698,472
3530,2,623,1,3,39,1,1129,473
3531,1,215,2,3,45,1,516,459
3532,2,597,1,3,50,1,765,449
3533,1,618,2,46,64,1,1130,464
3535,1,371,1,3,82,1,556,447
3536,2,447,1,3,31,1,1101,483
3537,1,170,4,3,5,7,698,474
3540,1,56,2,3,31,1,1131,461
3541,1,120,1,14,151,1,1132,463
3542,2,625,1,8,7,1,659,460
3543,2,664,1,14,50,1,1029,460
3544,2,708,1,14,98,1,1133,447
3545,1,295,4,3,5,7,922,471
3547,1,741,2,3,17,1,659,469
3548,1,332,1,14,3,1,1074,491
3549,2,742,1,8,101,1,403,462
3550,2,349,1,3,50,1,147,450
3551,2,669,1,32,3,1,978,469
3552,1,205,4,3,5,7,1134,469
3553,2,743,4,3,5,7,1135,457
3554,1,744,1,3,18,1,847,481
3555,2,643,1,35,20,1,765,470
3556,2,680,1,8,19,1,792,491
3557,2,598,1,3,50,1,147,456
3558,2,592,1,3,20,1,81,460
3559,1,7,4,3,5,7,1136,453
3561,1,265,1,3,79,1,1137,486
3562,2,718,1,3,147,1,1138,449
3563,1,688,1,10,3,1,556,447
3564,2,659,1,3,20,1,1139,468
3565,1,332,4,8,5,7,1012,458
3566,2,745,1,3,34,1,934,449
3567,1,746,1,3,10,1,1140,450
3568,1,747,2,3,91,1,1141,467
3569,1,748,1,37,31,1,590,486
3570,2,505,1,3,20,1,765,453
3571,1,215,4,3,5,7,1142,465
3573,1,160,2,3,1,1,932,464
3574,2,643,2,3,117,5,1143,475
3575,1,749,1,3,7,1,698,219
3576,2,655,1,3,20,1,1144,462
3577,1,160,4,3,5,7,659,458
3578,1,750,1,3,152,1,1012,462
3579,2,546,1,3,3,1,1037,489
3580,1,676,1,10,45,1,661,476
3581,1,748,1,14,3,1,911,486
3582,1,404,4,9,5,7,792,492
3583,1,196,2,11,9,1,765,465
3585,2,751,1,10,45,1,661,476
3587,1,752,4,33,5,7,796,483
3588,1,265,1,3,1,1,1145,485
3589,2,664,1,3,3,1,1146,479
3591,1,753,4,33,5,7,796,482
3592,1,368,1,3,20,1,922,449
3593,1,754,4,3,5,7,1142,449
3594,1,755,2,3,20,1,1147,473
3595,1,196,1,3,52,1,147,459
3596,1,756,1,3,20,1,1148,463
3597,1,757,1,3,66,1,1149,459
3598,1,758,1,3,7,1,1006,473
3599,1,759,2,3,27,1,1150,490
3600,2,760,4,37,5,36,650,493
3601,2,761,4,9,5,29,455,494
3602,2,341,4,11,5,46,1151,495
3603,2,679,1,6,3,1,1152,494
3604,2,762,1,97,107,1,1153,496
3606,1,763,1,15,9,1,147,497
3607,2,764,2,3,34,1,1154,498
3608,2,765,1,11,50,1,1125,499
3609,2,284,1,32,153,9,1155,500
3610,1,336,1,5,26,1,455,501
3611,2,761,1,9,117,1,622,494
3612,2,766,1,34,3,1,622,502
3613,2,767,2,3,75,40,1156,503
3616,1,160,1,3,15,5,1157,504
3621,2,768,1,5,31,1,1158,505
3622,2,625,1,15,154,1,1159,503
3623,1,594,4,3,5,7,955,494
3624,1,595,4,3,14,7,685,506
3625,2,760,1,5,155,1,35,507
3626,2,341,1,56,156,1,1160,508
3627,1,769,7,3,14,7,1161,509
3628,1,622,9,3,14,26,515,504
3629,2,770,1,2,18,1,924,510
3630,2,727,1,38,3,1,1162,511
3631,2,771,2,3,34,1,1163,512
3632,2,772,1,3,101,1,1164,513
3633,1,77,9,3,14,12,1165,514
3634,2,773,2,3,61,1,1166,515
3635,2,774,1,5,10,1,1167,516
3636,2,775,1,3,3,5,1168,517
3637,2,776,2,3,8,5,1169,518
3638,1,751,1,1,157,1,1170,519
3639,2,760,1,15,158,1,517,520
3640,2,589,1,65,49,1,1008,521
3641,2,777,1,2,66,1,1171,511
3643,3,546,12,23,14,19,1172,522
3644,2,778,4,3,14,7,1173,523
3645,2,623,4,3,5,7,1174,524
3646,2,779,1,3,27,1,1037,525
3647,1,319,2,3,8,1,951,526
3648,1,780,7,3,14,7,991,520
3649,2,336,1,3,104,1,1175,523
3652,1,672,2,3,34,5,1176,527
3654,1,51,9,3,14,13,1177,493
3655,1,781,2,3,61,1,1178,528
3657,1,606,9,3,14,47,1179,529
3659,1,782,2,3,104,1,558,520
3661,2,783,2,3,49,1,1180,508
3663,2,485,15,3,14,41,1181,520
3665,2,784,7,3,14,32,1182,530
3672,3,319,1,98,21,32,999,531
3674,2,785,2,3,9,2,403,532
3676,1,344,2,99,102,1,217,533
3677,3,786,8,12,14,3,934,530
3680,1,787,2,3,159,1,1183,534
3681,2,630,1,14,20,1,556,535
3683,1,619,2,3,100,1,1184,536
3684,2,788,2,3,58,5,1185,537
3686,1,789,2,3,39,2,1186,538
3688,1,790,2,3,160,5,1187,539
3689,1,791,1,55,56,1,1188,540
3690,2,792,7,3,14,40,1189,541
3693,1,793,2,3,77,1,1190,523
3696,1,794,1,3,54,5,1191,507
3697,1,795,2,3,101,5,1192,523
3698,1,630,2,3,31,1,1193,542
3704,2,622,2,3,67,5,515,504
3707,2,352,1,25,20,1,925,502
3710,1,595,2,3,94,5,1098,543
3711,1,796,7,3,14,11,1154,498
3712,1,797,2,3,39,2,1194,544
3713,3,798,2,100,21,6,1195,545
3715,2,340,7,3,14,7,1196,508
3717,1,799,2,3,135,1,1197,546
3719,2,800,2,3,50,1,403,547
3723,1,344,2,3,125,5,1082,548
3725,1,341,7,3,14,10,1198,549
3727,2,595,2,3,8,2,517,541
3730,1,801,7,3,14,7,1199,550
3731,1,802,2,3,55,1,1200,551
3732,2,803,2,3,34,5,1201,520
3733,1,732,2,3,58,1,1202,545
3734,1,804,1,94,20,1,1203,552
3735,1,805,4,3,14,48,769,501
3736,2,56,2,3,39,1,1204,503
3741,1,760,2,3,161,1,1205,498
3742,2,806,2,3,20,5,1206,504
3743,2,807,1,101,16,1,1207,503
3744,2,808,2,3,128,5,1208,553
3748,2,490,2,3,34,2,565,503
3755,1,809,2,3,79,5,1209,541
3758,1,625,1,3,120,1,1210,523
3762,1,810,2,3,53,1,1211,554
3766,2,811,2,3,128,1,1212,555
3768,3,782,8,23,14,3,951,556
3771,1,14,2,3,32,1,1213,520
3773,2,812,4,102,14,12,1214,557
3782,1,101,2,3,77,1,1215,540
3783,2,813,4,67,5,30,1216,558
3785,2,550,2,3,39,5,1217,503
3792,2,814,1,3,98,1,1218,520
3794,1,815,4,3,14,11,1219,559
3806,1,816,1,3,66,1,1220,507
3807,1,721,2,3,120,1,1082,560
3808,1,570,2,11,3,1,1221,548
3810,2,817,2,3,162,2,1222,524
3813,1,595,1,3,45,2,1009,523
3824,1,289,4,3,14,11,1223,523
3825,2,818,2,3,100,1,1224,524
3837,1,490,9,3,14,7,1225,523
3838,1,819,7,3,14,19,1226,509
3845,1,598,2,3,15,5,1227,545
3849,1,820,2,3,9,31,1228,503
3852,1,821,2,3,58,1,1229,561
3853,1,35,2,3,34,2,1230,562
3854,2,751,9,3,14,25,1231,531
3856,2,822,4,3,14,10,1232,563
3857,2,823,2,3,94,1,1233,564
3861,2,824,2,3,45,2,1234,565
3863,1,630,7,3,14,7,1235,566
3864,1,597,2,3,8,1,517,553
3866,1,56,4,3,14,7,1236,567
3867,1,796,7,3,14,11,1154,498
3868,3,825,12,12,14,6,174,554
3872,2,826,4,9,5,29,455,511
3873,2,827,4,11,5,46,1151,568
3874,2,490,1,70,3,1,1237,569
3875,2,828,1,40,163,1,917,567
3876,2,611,1,14,50,1,1037,506
3877,1,656,1,15,33,1,147,570
3878,2,770,1,2,164,1,1238,571
3879,2,788,1,10,49,1,1239,572
3880,1,829,1,3,165,23,1240,573
3881,2,830,1,9,3,1,1037,574
3884,2,831,1,8,31,1,1029,575
3885,2,761,1,99,3,1,1241,576
3886,1,832,4,46,5,7,955,577
3887,2,833,1,5,144,1,1170,519
3888,2,834,1,3,46,1,1242,578
3889,2,835,1,37,3,1,678,560
3891,2,727,1,5,52,1,1162,511
3892,1,202,2,3,28,25,35,521
3893,3,836,8,12,14,3,1243,579
3894,1,837,2,3,1,1,403,580
3895,3,289,8,12,14,19,1244,581
3897,2,838,1,65,91,1,1245,582
3898,3,839,8,12,14,3,965,536
3899,3,782,10,23,14,22,1013,530
3900,2,840,4,3,14,7,1246,506
3902,2,772,1,3,27,1,1247,583
3904,1,841,7,3,14,7,1248,584
3905,2,783,2,3,49,1,1249,566
3906,2,842,1,38,45,1,1029,585
3907,1,622,2,3,159,1,1250,584
3909,2,843,1,94,3,1,1158,505
3911,1,595,2,3,94,5,1098,543
3916,2,844,4,9,5,29,455,586
3917,2,788,4,11,5,46,463,587
3918,2,760,1,103,87,1,35,507
3919,2,845,1,34,107,1,1239,588
3920,2,352,1,11,19,1,1125,589
3921,1,846,1,15,40,1,147,570
3922,1,847,2,3,34,1,1251,567
3923,2,848,1,11,46,1,1125,590
3924,1,829,1,3,166,49,1252,573
3925,2,823,1,9,7,1,1037,591
3926,1,849,1,5,167,1,1253,592
3927,1,850,1,95,146,1,1164,502
3928,1,851,4,46,5,7,955,593
3929,2,852,1,3,148,1,403,594
3930,2,799,1,37,96,1,1254,595
3931,2,629,1,3,168,31,1255,596
3932,3,823,11,12,14,3,1029,566
3933,2,768,1,104,7,1,1158,547
3934,2,764,7,3,14,30,1256,597
3935,3,853,10,12,14,3,1257,598
3936,1,854,1,2,169,1,1258,599
3937,1,855,1,3,123,1,769,600
3938,2,625,1,57,3,1,1259,601
3939,3,467,8,12,14,19,1260,602
3940,2,661,4,3,14,7,1201,596
3942,1,856,1,3,64,1,1029,603
3944,2,595,1,3,46,1,1037,502
3945,1,857,2,3,65,1,1261,523
3946,1,858,1,46,3,1,1262,524
3947,1,859,2,3,66,1,1263,538
3949,1,35,1,3,24,1,556,604
3951,2,782,4,9,5,29,455,605
3952,2,860,4,11,5,46,463,606
3953,2,341,1,14,144,1,1164,607
3955,1,861,1,15,1,1,147,608
3956,2,838,2,29,19,1,1264,609
3957,2,862,1,10,50,1,1125,610
3958,2,546,1,3,31,1,1265,524
3959,2,863,1,73,3,1,35,611
3960,2,864,2,3,100,5,1266,545
3961,2,865,1,3,19,1,1030,582
3962,1,866,4,3,5,7,574,612
3963,1,484,1,3,148,1,403,527
3964,2,838,1,41,46,1,1267,613
3965,2,867,1,37,3,1,678,560
3966,2,868,1,38,106,1,1198,534
3968,2,869,4,3,14,7,1268,596
3969,1,854,1,14,170,1,1269,614
3970,1,77,1,3,171,1,769,596
3972,3,862,8,12,14,22,1270,615
3973,2,870,2,3,39,2,1271,524
3974,1,871,1,3,113,1,1272,593
3975,1,319,9,3,14,14,1273,541
3976,2,872,1,14,52,1,1274,524
3977,1,595,2,3,87,1,1275,558
3978,2,873,1,3,20,1,1276,580
3979,2,874,2,8,50,1,1277,523
3981,1,291,1,3,18,1,556,589
3983,2,875,4,9,5,29,455,616
3984,2,863,16,4,4,25,1037,568
3985,2,595,1,10,50,1,1029,576
3987,2,838,1,37,7,1,403,617
3988,2,876,1,86,172,1,1278,565
3989,2,877,1,16,49,1,1279,587
3990,2,878,1,14,45,1,1280,617
3991,2,879,1,14,3,1,678,618
3992,2,341,2,3,173,1,1125,496
3993,2,622,1,10,3,1,403,527
3994,1,396,4,65,5,7,925,619
3995,2,341,1,5,144,1,35,499
3996,2,880,1,5,163,1,1281,543
3997,2,881,1,11,3,1,1005,620
3998,2,882,2,16,73,1,1279,621
3999,2,883,2,3,34,5,1260,622
4001,1,884,2,3,73,5,1282,553
4002,1,289,2,3,46,1,1180,516
4006,1,885,1,3,68,1,1283,547
4008,2,630,1,14,31,1,481,623
4009,2,886,2,3,91,5,1284,503
4012,2,772,16,4,4,22,1037,583
4013,2,887,1,9,56,1,1285,624
4014,2,833,1,14,161,1,1286,625
4015,2,888,1,37,7,1,403,496
4016,2,828,1,29,99,1,988,493
4017,2,761,1,10,7,1,1287,494
4018,2,889,1,3,50,1,769,607
4019,2,777,1,65,3,1,1042,511
4020,1,890,1,10,51,1,1288,512
4021,2,891,1,3,3,1,1289,494
4022,1,892,4,65,5,7,925,626
4023,2,341,1,14,144,1,1160,508
4024,2,737,2,3,31,1,1290,507
4025,2,893,1,73,3,1,1125,516
4026,2,878,1,57,46,1,1291,627
4027,2,772,1,14,1,1,1292,513
4028,3,894,10,12,14,3,1293,598
4029,1,895,1,3,46,1,1294,507
4030,3,120,8,12,14,3,1295,501
4031,2,341,1,11,82,1,590,501
4034,1,35,1,3,79,1,1296,628
4035,2,160,9,3,14,16,1297,629
4036,2,630,1,14,31,1,1298,555
4037,1,896,4,3,14,34,1299,504
4038,2,897,1,3,109,1,954,630
4040,2,761,4,6,5,29,455,494
4041,2,737,1,103,174,1,1300,545
4042,2,838,1,11,19,1,1125,631
4043,2,826,1,14,50,1,590,548
4045,2,341,1,11,123,1,1301,632
4046,1,319,2,3,9,5,1302,633
4047,2,898,1,46,7,1,1056,634
4048,2,899,1,10,157,1,1303,635
4049,2,715,1,25,20,1,1304,506
4050,1,349,4,3,5,7,1247,602
4051,2,760,1,14,144,1,35,507
4052,2,900,1,3,82,1,1305,636
4053,2,146,2,3,67,9,1306,503
4054,2,640,1,86,56,1,1162,521
4055,1,550,2,3,11,9,463,506
4056,2,623,7,3,14,7,1307,637
4057,2,672,2,3,34,5,1308,566
4062,1,11,1,32,31,1,556,506
4063,2,901,2,3,8,2,1309,513
4064,2,902,1,35,45,1,1310,612
4065,2,903,1,3,3,1,963,604
4066,2,619,1,3,117,1,403,521
4067,1,904,1,46,91,1,1021,504
4068,2,826,4,6,5,29,455,511
4069,2,905,1,85,3,1,1311,638
4070,2,760,1,11,19,1,1125,639
4071,2,341,1,55,46,1,590,501
4073,2,838,1,10,123,1,147,555
4074,2,772,1,3,46,1,1037,583
4075,2,906,1,70,3,1,1312,555
4076,2,907,1,10,157,1,1313,640
4077,2,863,1,25,68,1,1037,568
4078,1,866,4,3,5,7,1134,589
4079,2,630,1,14,98,1,917,641
4080,2,831,1,5,31,1,1314,501
4081,2,908,2,3,175,31,1315,604
4082,2,909,4,105,5,7,1316,639
4083,2,692,2,3,34,5,1317,642
4084,3,910,2,106,21,19,188,643
4085,1,505,1,3,3,1,1162,644
4086,1,490,4,55,14,7,935,553
4087,2,771,1,57,20,1,1318,645
4088,2,622,2,33,50,1,955,632
4089,2,911,1,3,39,2,1319,524
4090,1,912,1,14,52,1,1320,536
4092,2,831,1,3,45,1,1102,646
4093,2,873,1,3,20,1,1321,540
4094,2,650,2,3,91,5,1322,501
4095,1,913,1,14,31,1,1114,647
4096,2,844,4,6,5,29,455,586
4097,1,488,1,5,56,1,1323,548
4099,2,888,1,55,46,1,590,540
4101,2,914,1,10,123,1,147,493
4102,1,915,2,3,45,1,1236,566
4103,2,916,1,46,20,1,917,634
4104,2,823,1,37,176,1,1324,648
4105,1,917,1,3,54,1,1325,504
4106,1,856,4,34,5,7,1012,555
4107,1,60,1,3,1,8,1326,505
4108,2,606,1,9,19,1,1327,501
4109,2,336,1,3,47,31,965,639
4110,2,319,2,33,46,1,1037,563
4112,3,918,11,12,14,3,1328,649
4113,2,319,2,3,19,1,1279,536
4114,1,761,1,40,147,1,769,650
4115,2,308,1,57,3,1,1329,561
4116,2,800,2,3,49,1,1037,516
4117,1,919,1,3,20,1,403,651
4118,2,490,1,3,39,2,1330,652
4119,2,490,1,3,91,1,1012,524
4120,2,920,2,3,91,1,1331,570
4121,2,921,1,3,56,1,1037,653
4122,1,922,1,3,50,1,1332,548
4123,2,875,4,6,5,29,455,616
4124,1,923,1,34,66,1,1333,604
4126,2,760,1,37,50,1,403,596
4128,2,924,1,10,46,1,1334,580
4129,2,925,1,56,31,1,1335,613
4130,2,862,2,3,177,1,1336,654
4131,2,926,1,1,178,1,1334,655
4132,2,898,1,15,1,1,1337,655
4133,1,922,4,3,5,7,1134,641
4134,2,606,1,9,19,1,1019,628
4135,2,737,1,9,19,1,1338,656
4136,2,902,1,11,50,1,1339,657
4137,2,319,2,33,160,1,1037,563
4138,2,914,1,107,60,1,1340,599
4139,3,927,8,12,14,3,1341,649
4140,2,928,2,3,39,5,1342,596
4141,1,319,1,3,45,1,1285,658
4142,2,929,2,3,19,5,1343,541
4143,1,725,1,3,177,1,1012,594
4144,2,77,2,3,34,2,463,501
4145,2,775,1,3,120,1,1012,603
4146,1,563,2,3,91,1,1344,570
4147,2,930,1,3,179,1,765,555
4148,1,277,1,34,88,1,81,543
4149,2,760,17,4,4,32,769,584
4150,2,606,1,41,19,1,963,563
4151,2,931,1,8,46,1,1345,659
4154,2,932,1,3,20,1,792,660
4155,2,779,1,3,45,1,1037,525
4156,2,828,1,73,3,1,917,567
4157,2,933,2,3,17,1,1082,623
4158,2,595,1,46,3,1,1346,502
4159,1,653,4,3,5,7,1142,496
4160,2,622,2,5,180,1,1347,513
4161,2,918,1,10,120,1,590,502
4162,2,601,1,37,151,1,1348,586
4163,1,934,1,34,109,1,1349,571
4164,2,906,1,5,47,1,1312,555
4166,2,935,2,3,123,5,1350,582
4167,3,936,8,23,14,3,1351,536
4169,1,937,1,3,3,1,922,504
4171,2,737,1,14,91,1,1164,610
4172,2,729,1,3,3,1,1352,524
4173,1,938,1,3,64,1,698,661
4174,2,782,4,6,5,29,455,605
4175,2,606,1,9,7,1,955,623
4176,2,939,1,1,19,1,1353,662
4177,2,622,1,37,7,1,1320,503
4179,1,708,2,3,98,5,1354,663
4180,2,845,1,97,3,1,917,648
4181,2,864,2,3,51,1,1266,545
4182,2,940,1,9,46,1,1355,664
4183,1,35,4,3,5,7,769,665
4184,2,941,1,3,181,1,1356,540
4185,2,942,2,3,147,1,1198,666
4186,2,943,1,3,98,1,403,494
4187,1,944,1,14,19,1,1357,540
4188,2,606,2,3,79,1,1358,563
4190,2,654,2,3,33,5,1359,541
4191,3,918,2,108,21,6,1360,667
4192,2,945,2,3,47,1,1361,516
4193,1,818,1,3,92,1,1316,639
4194,2,946,9,3,14,7,1362,505
4195,2,606,1,14,66,1,955,623
4196,2,891,2,3,79,1,492,589
4197,2,880,1,1,17,1,1363,567
4198,1,947,2,3,46,1,1364,662
4199,2,862,17,4,4,32,769,668
4200,2,737,1,40,3,1,1365,669
4201,2,948,1,55,46,1,1366,631
4202,2,622,1,55,46,1,590,670
4204,2,949,2,3,20,5,1367,517
4205,2,622,1,5,3,1,1262,586
4206,2,900,2,3,100,1,1368,671
4207,2,800,1,14,19,1,1369,506
4208,1,323,4,14,5,7,1291,627
4209,2,352,1,9,19,1,1370,594
4210,2,941,1,3,144,1,1371,503
4211,2,933,1,11,19,1,1372,603
4212,2,950,1,38,101,1,917,602
4213,2,951,2,3,109,1,1037,672
4214,1,952,1,3,98,1,1084,501
4215,3,953,8,23,14,22,1373,509
4216,1,795,2,3,20,1,1374,555
4217,2,900,1,3,45,1,1198,636
4218,2,954,1,46,3,1,1375,623
4219,2,721,1,3,6,1,1376,548
4220,1,389,1,3,74,1,556,526
4221,2,341,1,3,3,1,1377,554
4222,1,677,1,73,3,1,1237,515
4224,2,918,1,55,46,1,590,502
4226,2,606,1,41,45,1,1378,673
4227,2,939,1,55,19,1,1353,662
4228,1,955,4,1,5,7,1379,674
4229,2,838,1,3,182,1,1361,675
4230,2,595,1,3,3,1,1377,504
4231,2,956,1,14,176,1,1247,676
4233,3,613,8,23,14,3,1380,677
4234,1,677,1,3,64,1,1381,619
4235,2,957,1,55,56,1,1058,609
4236,2,958,1,3,43,1,1285,565
4237,1,959,1,8,91,1,922,506
4238,2,960,1,8,46,1,1377,678
4239,1,51,2,3,34,2,965,508
4241,2,775,1,55,46,1,590,594
4243,2,640,1,55,19,1,1382,594
4244,1,523,4,3,5,7,1142,589
4245,2,800,1,3,19,1,1082,661
4246,2,341,1,103,45,1,1383,679
4247,2,601,1,14,176,1,1247,586
4248,2,882,1,41,1,1,1384,568
4249,1,595,4,55,5,7,75,569
4250,1,676,1,16,20,1,556,547
4251,2,961,1,3,119,1,1385,548
4252,2,962,1,3,118,1,1279,680
4253,1,619,2,3,61,1,1386,681
4255,2,838,1,55,46,1,590,569
4257,2,963,1,10,3,1,1387,596
4258,1,964,4,46,5,7,955,512
4259,2,965,1,3,19,1,1388,661
4260,2,833,1,5,154,1,1389,517
4261,2,879,1,46,117,1,1390,676
4262,2,966,1,41,74,1,1384,682
4264,1,484,1,5,20,1,955,632
4265,2,341,1,41,127,1,403,536
4266,2,875,1,14,3,1,1391,683
4268,2,785,1,55,46,1,590,553
4270,2,967,1,25,20,1,1078,493
4271,1,968,4,46,5,7,792,684
4272,2,969,2,3,23,1,1392,494
4274,2,606,1,41,43,1,1012,555
4275,2,650,1,3,68,1,1037,547
4276,3,647,6,23,5,6,1393,536
4277,1,11,2,3,128,1,1374,555
4278,2,630,1,8,68,1,147,505
4279,1,970,1,46,151,1,769,649
4280,2,622,1,11,19,1,1370,684
4281,2,760,1,37,7,1,403,596
4283,2,971,1,25,68,1,1077,575
4284,1,972,4,3,5,7,1142,614
4285,2,838,2,3,180,1,1394,495
4286,2,775,1,3,66,1,1395,527
4287,2,721,1,3,10,1,1037,576
4288,1,788,7,3,14,7,1279,685
4289,1,436,2,3,96,1,1396,503
4290,2,842,4,11,5,50,1152,527
4291,2,319,1,5,182,1,1037,563
4294,2,661,1,3,39,1,1397,686
4295,1,973,1,3,167,1,1398,687
4296,1,440,4,3,5,7,1142,570
4297,1,790,1,14,96,1,1279,688
4298,2,729,1,3,52,1,1071,494
4299,2,924,1,14,43,1,1334,580
4300,3,974,2,109,89,3,1399,689
4301,1,975,1,3,20,1,1400,576
4302,2,727,4,11,5,50,1152,670
4303,1,976,1,34,181,1,1401,690
4304,2,954,1,25,52,1,1402,628
4305,2,977,1,37,49,1,765,592
4307,2,957,1,41,52,1,1403,624
4308,2,931,1,70,19,1,1345,659
4309,2,978,2,70,45,1,1207,596
4310,2,979,1,14,43,1,1334,562
4312,1,980,1,3,19,1,1404,603
4313,2,981,4,11,5,50,1152,536
4314,1,982,1,34,3,1,1338,500
4316,2,918,1,37,19,1,147,501
4318,2,918,1,3,20,1,590,502
4319,2,948,1,70,47,1,1366,631
4320,2,918,1,70,52,1,1405,689
4321,2,878,1,65,19,1,1406,627
4322,1,11,1,37,19,1,1012,655
4323,1,689,1,3,96,1,1037,617
4324,2,983,4,14,5,45,1029,560
4325,2,779,1,5,3,1,955,647
4326,2,838,1,25,20,1,1407,626
4327,1,984,1,3,45,1,1164,691
4329,2,918,1,14,123,1,535,555
4330,2,831,1,9,19,1,1314,501
4331,2,875,1,5,31,1,403,692
4332,2,344,1,3,183,1,1125,524
4333,1,598,9,8,5,7,1408,693
4334,1,856,1,3,20,1,1409,575
4335,2,831,4,14,5,45,1029,575
4336,2,985,1,46,19,1,1164,562
4337,1,595,1,25,20,1,1114,499
4338,2,823,1,55,46,1,1410,694
4339,2,831,1,14,3,1,1144,695
4340,2,775,1,3,19,1,1019,696
4341,2,933,1,14,82,1,1411,585
4342,2,787,1,3,184,1,769,697
4343,1,986,2,65,49,1,1412,698
4344,1,546,1,3,20,1,1413,699
4345,2,987,4,11,5,51,917,523
4346,1,912,1,14,19,1,1414,574
4347,2,985,1,14,19,1,1415,700
4349,2,900,1,3,98,1,1279,698
4350,2,888,1,5,46,1,403,496
4351,2,319,1,5,182,1,1416,694
4352,1,835,2,65,19,1,955,701
4353,1,988,1,3,92,1,1316,702
4354,2,905,4,11,5,51,917,703
4355,2,630,1,8,56,1,1417,601
4356,2,611,1,25,20,1,1418,524
4358,2,490,1,3,19,1,1019,619
4359,2,319,1,38,141,1,1037,563
4360,2,989,1,3,177,1,1419,704
4362,1,363,2,3,50,1,1125,670
4363,2,914,4,11,5,51,917,559
4365,2,606,1,25,3,1,1420,613
4366,2,872,1,41,19,1,556,548
4367,2,788,1,9,185,1,1170,705
4368,2,878,1,32,19,1,1291,627
4369,1,11,2,3,27,1,1067,547
4370,2,606,4,14,5,52,1357,609
4371,2,737,1,25,7,1,1164,610
4372,2,918,1,37,7,1,403,626
4373,2,990,1,70,19,1,1279,706
4374,2,991,1,9,31,1,463,707
4375,2,954,1,9,3,1,1102,503
4376,1,597,1,3,3,1,1082,708
4377,2,622,4,14,5,52,1357,555
4378,2,888,1,25,20,1,1421,564
4379,2,775,1,37,7,1,403,709
4380,1,484,1,5,19,1,1037,627
4381,2,958,1,3,120,1,35,710
4382,2,992,1,14,43,1,1334,585
4383,1,993,1,3,56,1,403,547
4384,2,994,4,14,5,52,1357,503
4386,2,914,1,37,7,1,403,533
4387,2,787,2,3,178,1,769,697
4388,2,800,1,14,20,1,1422,695
4390,2,775,4,14,5,52,1357,613
4392,2,940,1,37,7,1,403,700
4393,2,995,1,3,19,1,1377,711
4394,2,996,1,9,45,1,836,712
4396,2,997,4,14,5,52,1357,541
4397,2,794,1,25,7,1,769,579
4398,2,998,1,37,7,1,403,497
4399,2,814,2,3,93,1,1423,713
4400,2,619,1,33,120,1,1424,504
4402,2,914,4,14,5,52,1357,541
4403,2,625,1,11,19,1,1348,613
4404,2,999,1,14,19,1,1029,662
4405,2,1000,1,3,50,1,147,714
4406,2,940,1,9,45,1,1425,676
4408,2,1001,1,3,50,1,1426,541
4409,2,838,1,11,19,1,1348,573
4410,2,1002,1,14,50,1,1029,524
4411,1,1003,1,103,148,1,769,579
4414,2,831,1,14,19,1,1029,575
4415,2,341,1,3,128,1,1037,637
4416,2,900,1,3,51,1,1427,715
4418,2,983,1,14,50,1,1029,560
4419,2,823,2,3,7,1,1428,596
4421,1,619,1,14,50,1,403,651
4422,1,349,1,33,135,1,1429,681
4423,1,1004,2,3,93,1,548,531
4424,2,592,1,41,19,1,403,494
4425,2,915,1,14,101,1,1372,608
4426,1,1005,1,2,167,1,955,631
4427,1,1006,1,3,19,1,1037,676
4429,2,727,1,35,19,1,1162,511
4430,1,389,1,3,66,1,590,502
4431,1,1007,1,3,43,1,1430,531
4432,2,1008,1,8,46,1,769,716
4433,2,842,1,35,19,1,1162,608
4434,1,856,1,11,96,1,1146,613
4435,2,785,2,3,98,1,1431,696
4436,2,341,1,8,46,1,1432,591
4437,1,732,1,35,19,1,35,717
4438,2,969,2,3,47,5,1433,501
4439,1,35,1,70,19,1,35,718
4441,2,900,1,35,19,1,769,719
4442,1,613,1,38,98,1,590,694
4443,2,1009,1,5,98,1,1164,720
4444,2,1010,1,8,128,1,1198,721
4445,2,823,1,55,101,1,1164,722
4446,1,618,1,3,135,1,403,619
4447,2,622,1,5,1,1,1361,532
4449,2,788,1,1,128,1,922,723
4450,2,900,1,5,43,1,1279,698
4452,2,771,1,3,50,1,1432,724
4453,1,676,1,5,94,1,1082,634
4454,2,782,1,3,50,1,769,725
4455,1,349,1,3,50,1,1432,591
4456,1,1011,1,5,96,1,1370,594
4457,2,787,1,3,7,1,769,697
4458,1,630,1,3,120,1,1125,726
4459,2,341,1,10,99,1,1432,591
4460,2,622,1,5,98,1,1370,684
4461,2,831,1,41,46,1,1146,501
4462,2,727,1,3,19,1,1434,624
4463,2,1009,1,37,49,1,1429,727
4464,1,1012,1,5,96,1,1386,706
4466,2,888,1,3,50,1,1198,728
4468,1,982,1,5,126,1,1386,712
4470,2,796,1,10,46,1,1429,729
4471,1,485,1,10,52,1,1435,501
4472,1,349,1,5,98,1,1072,730
4473,2,760,1,3,50,1,1279,517
4475,2,1008,1,3,20,1,1436,731
4476,1,1013,1,5,1,1,1437,732
4477,2,341,1,3,45,1,1279,514
4479,1,1014,1,10,135,1,1253,592
4480,2,341,1,5,98,1,1037,637
4481,2,771,1,3,50,5,1279,688
4482,2,636,1,37,101,1,1037,563
4483,1,1015,1,38,126,1,147,645
4484,2,622,1,14,72,1,1164,496
4485,2,1016,1,3,2,1,1114,553
4486,2,1017,1,16,50,1,1037,605
4487,1,1018,1,3,161,1,1272,593
4488,2,1000,1,5,144,1,1279,733
4489,2,630,1,14,9,1,556,535
4490,1,77,1,41,50,1,556,585
4491,1,174,1,3,7,1,1037,601
4492,2,1019,1,6,17,1,925,521
4493,2,1020,1,3,50,1,556,523
4494,2,958,1,3,186,1,35,710
4495,2,877,1,10,46,1,1429,734
4496,2,341,1,3,50,1,1438,681
4497,1,1021,1,3,151,1,1135,584
4499,1,1022,2,3,50,1,403,577
4501,2,1000,1,5,96,1,1164,735
4503,2,838,1,3,183,1,1377,665
4504,2,1019,1,8,3,1,1019,506
4505,1,790,1,3,161,1,1377,546
4506,2,625,1,32,19,1,403,575
4507,1,988,1,3,98,1,1439,736
4508,2,823,1,8,3,1,1440,602
4509,2,760,1,3,151,1,35,507
4510,2,874,1,8,52,1,1440,496
4511,2,797,1,3,96,1,1279,737
4512,2,900,1,3,49,1,1255,738
4513,2,341,1,3,19,1,1279,514
4514,2,622,1,9,19,1,1037,627
4515,2,319,1,110,19,1,1082,575
4516,2,1023,2,3,19,1,481,560
4517,2,606,2,3,19,1,403,586
